Path;SteerAngle;Throttle;Brake;Speed;X_Position;Y_Position;Pitch;Yaw;Roll
../2018-1-21/IMG/robocam_2018_01_21_18_30_33_098.jpg;0;0;1;0;111.5441;45.13472;0.0002361718;105.6295;-3.597825E-06
../2018-1-21/IMG/robocam_2018_01_21_18_30_33_148.jpg;0;0;0;0;111.5441;45.13472;0.0002365983;105.6295;-3.629437E-06
../2018-1-21/IMG/robocam_2018_01_21_18_30_33_230.jpg;0;0;0;0;111.5441;45.13472;0.0002370358;105.6295;-3.581749E-06
../2018-1-21/IMG/robocam_2018_01_21_18_30_33_329.jpg;0;0;0;0;111.5441;45.13472;0.0002371596;105.6295;-3.464097E-06
../2018-1-21/IMG/robocam_2018_01_21_18_30_33_429.jpg;0;0;0;0;111.5441;45.13472;0.0002371923;105.6295;-3.226204E-06
../2018-1-21/IMG/robocam_2018_01_21_18_30_33_530.jpg;0;0;0;0;111.5441;45.13472;0.0002372286;105.6295;-2.961879E-06
../2018-1-21/IMG/robocam_2018_01_21_18_30_33_634.jpg;0;0;0;0;111.5441;45.13472;0.0002369476;105.6295;-2.654018E-06
../2018-1-21/IMG/robocam_2018_01_21_18_30_33_730.jpg;0;0;0;0;111.5441;45.13472;0.0002362728;105.6295;-2.076654E-06
../2018-1-21/IMG/robocam_2018_01_21_18_30_33_829.jpg;0;0;0;0;111.5441;45.13472;0.0002357804;105.6295;-1.739771E-06
../2018-1-21/IMG/robocam_2018_01_21_18_30_33_929.jpg;0;0;0;0;111.5441;45.13472;0.0002351678;105.6295;-1.49411E-06
../2018-1-21/IMG/robocam_2018_01_21_18_30_34_030.jpg;0;0;0;0;111.5441;45.13472;0.0002346573;105.6295;-1.289392E-06
../2018-1-21/IMG/robocam_2018_01_21_18_30_34_131.jpg;0;0;0;0;111.5441;45.13472;0.0002341432;105.6295;-1.111107E-06
../2018-1-21/IMG/robocam_2018_01_21_18_30_34_230.jpg;0;0;0;0;111.5441;45.13472;0.0002336145;105.6295;-1.03855E-06
../2018-1-21/IMG/robocam_2018_01_21_18_30_34_329.jpg;0;0;0;0;111.5441;45.13472;0.0002330859;105.6295;-9.659962E-07
../2018-1-21/IMG/robocam_2018_01_21_18_30_34_430.jpg;0;0;0;0;111.5441;45.13472;0.0002325391;105.6295;-1.025604E-06
../2018-1-21/IMG/robocam_2018_01_21_18_30_34_529.jpg;0;0;0;0;111.5441;45.13472;0.000231985;105.6295;-1.138077E-06
../2018-1-21/IMG/robocam_2018_01_21_18_30_34_629.jpg;0;0;0;0;111.5441;45.13472;0.0002314201;105.6295;-1.329846E-06
../2018-1-21/IMG/robocam_2018_01_21_18_30_34_730.jpg;0;0;0;0;111.5441;45.13472;0.0002308443;105.6295;-1.600917E-06
../2018-1-21/IMG/robocam_2018_01_21_18_30_34_829.jpg;0;0;0;0;111.5441;45.13472;0.0002302612;105.6295;-1.92485E-06
../2018-1-21/IMG/robocam_2018_01_21_18_30_34_929.jpg;0;0;0;0;111.5441;45.13472;0.0002302068;105.6295;-2.32134E-06
../2018-1-21/IMG/robocam_2018_01_21_18_30_35_029.jpg;0;0;0;0;111.5441;45.13472;0.0002301524;105.6295;-2.71783E-06
../2018-1-21/IMG/robocam_2018_01_21_18_30_35_129.jpg;0;0.3002039;0;0.01812626;111.5434;45.13736;0.05889444;105.7562;-7.538725E-05
../2018-1-21/IMG/robocam_2018_01_21_18_30_35_229.jpg;0;0.5986501;0;0.04277233;111.5414;45.14455;0.2085157;105.5517;0.0002374307
../2018-1-21/IMG/robocam_2018_01_21_18_30_35_329.jpg;0;0.8999158;0;0.08313181;111.5374;45.15869;0.4744721;105.6497;-0.001489219
../2018-1-21/IMG/robocam_2018_01_21_18_30_35_429.jpg;0;1;0;0.172457;111.5308;45.18266;0.8497565;105.6599;-0.0007987397
../2018-1-21/IMG/robocam_2018_01_21_18_30_35_529.jpg;0;1;0;0.2524788;111.5215;45.21568;1.265974;105.8844;-0.001255073
../2018-1-21/IMG/robocam_2018_01_21_18_30_35_629.jpg;0;1;0;0.3518417;111.5122;45.24961;1.208475;106.0292;-0.00154039
../2018-1-21/IMG/robocam_2018_01_21_18_30_35_729.jpg;0;1;0;0.441951;111.5004;45.29147;1.067767;106.1016;0.0005254956
../2018-1-21/IMG/robocam_2018_01_21_18_30_35_829.jpg;0;1;0;0.5131541;111.4858;45.34277;1.078574;106.0356;-0.000287746
../2018-1-21/IMG/robocam_2018_01_21_18_30_35_930.jpg;0;1;0;0.5745258;111.4685;45.40314;1.199452;106.1648;-0.0008005082
../2018-1-21/IMG/robocam_2018_01_21_18_30_36_029.jpg;0;1;0;0.6747661;111.4495;45.46997;1.247301;106.0764;-0.0006327561
../2018-1-21/IMG/robocam_2018_01_21_18_30_36_129.jpg;0;1;0;0.7679627;111.4285;45.54374;1.203608;105.9986;-0.0006811948
../2018-1-21/IMG/robocam_2018_01_21_18_30_36_229.jpg;0;1;0;0.8388563;111.4052;45.62627;1.210927;105.9988;-0.001140656
../2018-1-21/IMG/robocam_2018_01_21_18_30_36_329.jpg;0;1;0;0.9332285;111.3793;45.71786;1.243954;105.9919;-0.0009192906
../2018-1-21/IMG/robocam_2018_01_21_18_30_36_429.jpg;0;1;0;1.008556;111.3514;45.81653;1.225202;105.9795;-0.0009012841
../2018-1-21/IMG/robocam_2018_01_21_18_30_36_529.jpg;0;1;0;1.086181;111.3215;45.92253;1.217876;105.9693;-0.0007786841
../2018-1-21/IMG/robocam_2018_01_21_18_30_36_629.jpg;0;1;0;1.16163;111.2895;46.03633;1.228883;105.9273;-0.0005572154
../2018-1-21/IMG/robocam_2018_01_21_18_30_36_729.jpg;0;1;0;1.24209;111.2553;46.15764;1.231298;105.8858;-0.0007235935
../2018-1-21/IMG/robocam_2018_01_21_18_30_36_830.jpg;0;1;0;1.322569;111.2191;46.28671;1.238547;105.8518;-0.0007625046
../2018-1-21/IMG/robocam_2018_01_21_18_30_36_929.jpg;0;1;0;1.402571;111.1809;46.42344;1.247232;105.822;-0.0008702949
../2018-1-21/IMG/robocam_2018_01_21_18_30_37_029.jpg;0;1;0;1.47997;111.1406;46.5677;1.252729;105.8005;-0.0009316363
../2018-1-21/IMG/robocam_2018_01_21_18_30_37_129.jpg;0;1;0;1.558816;111.0983;46.71946;1.25798;105.7822;-0.0009510128
../2018-1-21/IMG/robocam_2018_01_21_18_30_37_230.jpg;0;1;0;1.620578;111.054;46.87874;1.26649;105.7632;-0.001007125
../2018-1-21/IMG/robocam_2018_01_21_18_30_37_329.jpg;0;1;0;1.71284;111.0077;47.04539;1.272852;105.7466;-0.001046264
../2018-1-21/IMG/robocam_2018_01_21_18_30_37_429.jpg;0;1;0;1.788544;110.9594;47.21941;1.278444;105.7281;-0.001076503
../2018-1-21/IMG/robocam_2018_01_21_18_30_37_529.jpg;0;1;0;1.864985;110.9091;47.40078;1.285795;105.71;-0.001092932
../2018-1-21/IMG/robocam_2018_01_21_18_30_37_629.jpg;0;1;0;1.940463;110.8568;47.58947;1.295017;105.6902;-0.00112476
../2018-1-21/IMG/robocam_2018_01_21_18_30_37_729.jpg;0;1;0;2.01555;110.8027;47.78537;1.302214;105.6709;-0.001168171
../2018-1-21/IMG/robocam_2018_01_21_18_30_37_829.jpg;0;1;0;2.089948;110.7467;47.98839;1.305461;105.6531;-0.001174937
../2018-1-21/IMG/robocam_2018_01_21_18_30_37_929.jpg;0;1;0;2.163954;110.6887;48.1986;1.310429;105.6345;-0.001202868
../2018-1-21/IMG/robocam_2018_01_21_18_30_38_030.jpg;0;1;0;2.237559;110.6288;48.41595;1.317259;105.6166;-0.00125243
../2018-1-21/IMG/robocam_2018_01_21_18_30_38_130.jpg;0;1;0;2.310787;110.5671;48.64038;1.323528;105.5963;-0.001271702
../2018-1-21/IMG/robocam_2018_01_21_18_30_38_229.jpg;0;1;0;2.382826;110.5036;48.87175;1.325121;105.5772;-0.001265217
../2018-1-21/IMG/robocam_2018_01_21_18_30_38_329.jpg;0;1;0;2.45575;110.4382;49.11022;1.33301;105.558;-0.001308429
../2018-1-21/IMG/robocam_2018_01_21_18_30_38_429.jpg;0;1;0;2.52751;110.371;49.35557;1.337119;105.5396;-0.001327993
../2018-1-21/IMG/robocam_2018_01_21_18_30_38_529.jpg;0;1;0;2.599192;110.302;49.60777;1.336184;105.5188;-0.001321481
../2018-1-21/IMG/robocam_2018_01_21_18_30_38_629.jpg;0;1;0;2.669822;110.2312;49.86707;1.350584;105.4986;-0.001395267
../2018-1-21/IMG/robocam_2018_01_21_18_30_38_729.jpg;0;1;0;2.726679;110.1587;50.13295;1.348177;105.4763;-0.001381294
../2018-1-21/IMG/robocam_2018_01_21_18_30_38_829.jpg;0;1;0;2.796948;110.0844;50.40584;1.3588;105.4542;-0.001426563
../2018-1-21/IMG/robocam_2018_01_21_18_30_38_929.jpg;0;1;0;2.880502;110.0084;50.68539;1.36431;105.4337;-0.001458112
../2018-1-21/IMG/robocam_2018_01_21_18_30_39_029.jpg;0;1;0;2.949997;109.9307;50.97161;1.36562;105.4146;-0.001018761
../2018-1-21/IMG/robocam_2018_01_21_18_30_39_130.jpg;0;1;0;3.018764;109.8513;51.26456;1.370677;105.3904;-0.001487392
../2018-1-21/IMG/robocam_2018_01_21_18_30_39_229.jpg;0;1;0;3.087915;109.7702;51.56419;1.378399;105.3671;-0.001516834
../2018-1-21/IMG/robocam_2018_01_21_18_30_39_329.jpg;0;1;0;3.155524;109.6875;51.87037;1.381914;105.3445;-0.001415875
../2018-1-21/IMG/robocam_2018_01_21_18_30_39_430.jpg;0;1;0;3.223188;109.6032;52.18315;1.387009;105.32;-0.001433479
../2018-1-21/IMG/robocam_2018_01_21_18_30_39_529.jpg;0;1;0;3.276993;109.5172;52.50245;1.391514;105.2949;-0.001464627
../2018-1-21/IMG/robocam_2018_01_21_18_30_39_629.jpg;0;1;0;3.357415;109.4296;52.82825;1.39687;105.2684;-0.001577148
../2018-1-21/IMG/robocam_2018_01_21_18_30_39_729.jpg;0;1;0;3.424412;109.3405;53.16049;1.400481;105.2419;-0.001614368
../2018-1-21/IMG/robocam_2018_01_21_18_30_39_829.jpg;0;1;0;3.477354;109.2498;53.49923;1.408193;105.2144;-0.001528956
../2018-1-21/IMG/robocam_2018_01_21_18_30_39_929.jpg;0;1;0;3.555776;109.1576;53.84433;1.413591;105.1871;-0.001184304
../2018-1-21/IMG/robocam_2018_01_21_18_30_40_029.jpg;0;1;0;3.620979;109.0639;54.19574;1.416928;105.157;-0.001566073
../2018-1-21/IMG/robocam_2018_01_21_18_30_40_129.jpg;0;1;0;3.673475;108.9687;54.55354;1.42454;105.1263;-0.001594702
../2018-1-21/IMG/robocam_2018_01_21_18_30_40_229.jpg;0;1;0;3.751053;108.872;54.9176;1.429955;105.0951;-0.00161707
../2018-1-21/IMG/robocam_2018_01_21_18_30_40_329.jpg;0;1;0;3.801892;108.7739;55.2879;1.434701;105.0631;-0.001627189
../2018-1-21/IMG/robocam_2018_01_21_18_30_40_429.jpg;0;1;0;3.865778;108.6744;55.66444;1.440326;105.0294;-0.001769858
../2018-1-21/IMG/robocam_2018_01_21_18_30_40_529.jpg;0;1;0;3.941809;108.5734;56.04713;1.44388;104.9958;-0.001787329
../2018-1-21/IMG/robocam_2018_01_21_18_30_40_629.jpg;0;1;0;4.005322;108.4711;56.43606;1.452183;104.9604;-0.001692576
../2018-1-21/IMG/robocam_2018_01_21_18_30_40_730.jpg;0;1;0;4.055093;108.3675;56.83108;1.458366;104.9253;-0.001347478
../2018-1-21/IMG/robocam_2018_01_21_18_30_40_829.jpg;0;1;0;4.117308;108.2625;57.23211;1.459961;104.8879;-0.001737286
../2018-1-21/IMG/robocam_2018_01_21_18_30_40_929.jpg;0;1;0;4.179861;108.1563;57.63931;1.467935;104.8489;-0.001757389
../2018-1-21/IMG/robocam_2018_01_21_18_30_41_029.jpg;0;1;0;4.241037;108.0487;58.05246;1.47185;104.8109;-0.001397715
../2018-1-21/IMG/robocam_2018_01_21_18_30_41_129.jpg;0;1;0;4.302593;107.9399;58.47163;1.47693;104.771;-0.00131322
../2018-1-21/IMG/robocam_2018_01_21_18_30_41_229.jpg;0;1;0;4.363468;107.8299;58.8968;1.484548;104.7286;-0.001437784
../2018-1-21/IMG/robocam_2018_01_21_18_30_41_329.jpg;0;1;0;4.423685;107.7187;59.32787;1.489653;104.6851;-0.001847096
../2018-1-21/IMG/robocam_2018_01_21_18_30_41_429.jpg;0;1;0;4.484246;107.6063;59.76485;1.494714;104.6403;-0.001271381
../2018-1-21/IMG/robocam_2018_01_21_18_30_41_529.jpg;0;1;0;4.556184;107.4929;60.20773;1.499368;104.5806;-0.001348504
../2018-1-21/IMG/robocam_2018_01_21_18_30_41_629.jpg;0;1;0;4.615795;107.3784;60.65629;1.493194;104.5252;-0.001367903
../2018-1-21/IMG/robocam_2018_01_21_18_30_41_729.jpg;0;1;0;4.662635;107.2628;61.11092;1.501853;104.4671;-0.001798265
../2018-1-21/IMG/robocam_2018_01_21_18_30_41_829.jpg;0;1;0;4.721829;107.1463;61.57116;1.4987;104.4095;-0.00141129
../2018-1-21/IMG/robocam_2018_01_21_18_30_41_929.jpg;0;1;0;4.779759;107.0288;62.03732;1.50477;104.3518;-0.001504001
../2018-1-21/IMG/robocam_2018_01_21_18_30_42_029.jpg;0;1;0;4.849756;106.9104;62.50909;1.502595;104.2922;-0.001440038
../2018-1-21/IMG/robocam_2018_01_21_18_30_42_129.jpg;0;1;0;4.895543;106.791;62.98682;1.516354;104.2343;-0.001884912
../2018-1-21/IMG/robocam_2018_01_21_18_30_42_229.jpg;1.508807;1;0;4.953303;106.6699;63.46969;1.509646;104.313;-0.002458241
../2018-1-21/IMG/robocam_2018_01_21_18_30_42_329.jpg;2.985529;1;0;5.013092;106.5442;63.95523;1.51721;104.8888;0.003275743
../2018-1-21/IMG/robocam_2018_01_21_18_30_42_429.jpg;0;1;0;5.009089;106.4185;64.43704;1.342203;105.1166;-0.0008955874
../2018-1-21/IMG/robocam_2018_01_21_18_30_42_529.jpg;0;1;0;5.010231;106.2911;64.92046;1.264505;105.0844;-0.0003540687
../2018-1-21/IMG/robocam_2018_01_21_18_30_42_629.jpg;0;1;0;5.026043;106.163;65.4049;1.254428;105.023;-0.001167415
../2018-1-21/IMG/robocam_2018_01_21_18_30_42_729.jpg;1.52703;1;0;5.004718;106.0342;65.89021;1.296352;105.0631;-0.001939029
../2018-1-21/IMG/robocam_2018_01_21_18_30_42_830.jpg;6.001872;1;0;5.014352;105.8993;66.37453;1.369646;105.9226;0.05154937
../2018-1-21/IMG/robocam_2018_01_21_18_30_42_929.jpg;1.499757;1;0;4.998861;105.7614;66.85705;1.391167;106.5893;0.08416817
../2018-1-21/IMG/robocam_2018_01_21_18_30_43_029.jpg;0;1;0;4.997738;105.6211;67.33829;1.385834;106.7762;0.09637029
../2018-1-21/IMG/robocam_2018_01_21_18_30_43_129.jpg;0;1;0;5.003616;105.4802;67.81894;1.366234;106.8448;0.03867145
../2018-1-21/IMG/robocam_2018_01_21_18_30_43_229.jpg;0;1;0;5.018726;105.3327;68.29598;1.242367;106.7828;0.2640433
../2018-1-21/IMG/robocam_2018_01_21_18_30_43_329.jpg;0;1;0;4.987487;105.1858;68.76405;0.5821249;107.1682;0.5509219
../2018-1-21/IMG/robocam_2018_01_21_18_30_43_429.jpg;0;1;0;4.940413;105.0412;69.23539;0.2375996;106.6957;0.493186
../2018-1-21/IMG/robocam_2018_01_21_18_30_43_529.jpg;0;1;0;5.009426;104.8988;69.71178;0.01450034;106.5356;0.2410706
../2018-1-21/IMG/robocam_2018_01_21_18_30_43_629.jpg;0;1;0;5.011362;104.7559;70.19207;0.01311346;106.4988;359.99
../2018-1-21/IMG/robocam_2018_01_21_18_30_43_729.jpg;0;1;0;5.011391;104.6116;70.67433;0.1423369;106.5134;359.8344
../2018-1-21/IMG/robocam_2018_01_21_18_30_43_857.jpg;0;1;0;5.011573;104.4376;71.25491;0.4111089;106.5451;359.7568
../2018-1-21/IMG/robocam_2018_01_21_18_30_43_905.jpg;0;1;0;5.011623;104.3502;71.54575;0.5807348;106.5659;359.7564
../2018-1-21/IMG/robocam_2018_01_21_18_30_43_962.jpg;0;1;0;5.011689;104.2918;71.73977;0.7028107;106.5829;359.7691
../2018-1-21/IMG/robocam_2018_01_21_18_30_44_029.jpg;0;1;0;5.011689;104.1748;72.12842;0.9800333;106.6138;359.81
../2018-1-21/IMG/robocam_2018_01_21_18_30_44_096.jpg;0;1;0;5.014449;104.0866;72.41966;1.186593;106.6509;359.8655
../2018-1-21/IMG/robocam_2018_01_21_18_30_44_162.jpg;0;1;0;5.0028;103.9979;72.71115;1.396336;106.6852;359.9459
../2018-1-21/IMG/robocam_2018_01_21_18_30_44_229.jpg;0;1;0;5.02418;103.8815;73.09705;1.524357;106.7305;-0.004563207
../2018-1-21/IMG/robocam_2018_01_21_18_30_44_329.jpg;0;1;0;5.057972;103.7405;73.57212;1.265293;106.6718;-0.001121412
../2018-1-21/IMG/robocam_2018_01_21_18_30_44_429.jpg;-1.541433;1;0;5.011892;103.5997;74.05122;1.147874;106.505;-0.0008921723
../2018-1-21/IMG/robocam_2018_01_21_18_30_44_529.jpg;-6.021854;1;0;5.010623;103.4636;74.53325;1.119095;105.6225;-0.000791786
../2018-1-21/IMG/robocam_2018_01_21_18_30_44_629.jpg;-10.50277;1;0;5.007322;103.3406;75.01903;1.121185;104.0197;359.8179
../2018-1-21/IMG/robocam_2018_01_21_18_30_44_729.jpg;-15;1;0;4.990839;103.2386;75.50594;0.9508365;100.3672;359.4391
../2018-1-21/IMG/robocam_2018_01_21_18_30_44_829.jpg;-15;1;0;5.007228;103.1617;75.98844;0.3151368;96.66245;359.0355
../2018-1-21/IMG/robocam_2018_01_21_18_30_44_929.jpg;-15;1;0;5.01311;103.1131;76.47611;359.7822;93.1723;358.5669
../2018-1-21/IMG/robocam_2018_01_21_18_30_45_029.jpg;-13.4615;1;0;5.000221;103.083;76.97593;359.8984;90.33096;358.5088
../2018-1-21/IMG/robocam_2018_01_21_18_30_45_129.jpg;-8.982738;1;0;5.001807;103.0734;77.48035;0.1538289;87.67673;358.9081
../2018-1-21/IMG/robocam_2018_01_21_18_30_45_229.jpg;-4.477785;1;0;5.038201;103.0957;77.98064;0.1455019;85.39523;359.0199
../2018-1-21/IMG/robocam_2018_01_21_18_30_45_329.jpg;0;1;0;5.011072;103.1339;78.47961;0.1197358;84.57142;358.9802
../2018-1-21/IMG/robocam_2018_01_21_18_30_45_429.jpg;0;1;0;5.012228;103.1776;78.97817;0.08126424;84.38684;359.0266
../2018-1-21/IMG/robocam_2018_01_21_18_30_45_496.jpg;0;1;0;5.012064;103.2058;79.27816;0.1172632;84.36394;359.063
../2018-1-21/IMG/robocam_2018_01_21_18_30_45_563.jpg;0;1;0;5.017634;103.2445;79.67983;0.2594661;84.35532;359.1281
../2018-1-21/IMG/robocam_2018_01_21_18_30_45_629.jpg;0;1;0;5.017859;103.2733;79.98125;0.3855884;84.36417;359.2243
../2018-1-21/IMG/robocam_2018_01_21_18_30_45_729.jpg;0;1;0;5.006198;103.3219;80.48487;0.6542868;84.37613;359.4259
../2018-1-21/IMG/robocam_2018_01_21_18_30_45_829.jpg;4.44258;1;0;5.008163;103.3654;80.98975;0.9719143;85.00491;359.7507
../2018-1-21/IMG/robocam_2018_01_21_18_30_45_895.jpg;7.440614;1;0;5.00857;103.3867;81.29366;1.192745;85.82424;0.009010321
../2018-1-21/IMG/robocam_2018_01_21_18_30_45_995.jpg;2.941064;1;0;5.011745;103.4214;81.79657;1.361221;86.92586;0.2136874
../2018-1-21/IMG/robocam_2018_01_21_18_30_46_095.jpg;0;1;0;5.008573;103.4541;82.2929;1.186571;87.27583;0.1498029
../2018-1-21/IMG/robocam_2018_01_21_18_30_46_195.jpg;0;1;0;5.013508;103.481;82.79208;1.110606;87.32864;0.1742065
../2018-1-21/IMG/robocam_2018_01_21_18_30_46_263.jpg;-4.508461;1;0;4.997587;103.505;83.19252;1.110783;86.91272;0.1210818
../2018-1-21/IMG/robocam_2018_01_21_18_30_46_329.jpg;-6.020369;1;0;5.014868;103.5268;83.49299;1.148033;86.21941;0.006977632
../2018-1-21/IMG/robocam_2018_01_21_18_30_46_396.jpg;-8.993834;1;0;4.998854;103.5513;83.79357;1.190647;85.25896;359.9486
../2018-1-21/IMG/robocam_2018_01_21_18_30_46_462.jpg;-13.50041;1;0;5.000525;103.5832;84.09346;1.229285;83.85456;359.761
../2018-1-21/IMG/robocam_2018_01_21_18_30_46_529.jpg;-15;1;0;5.024758;103.635;84.48737;1.054988;81.27052;359.5273
../2018-1-21/IMG/robocam_2018_01_21_18_30_46_595.jpg;-15;1;0;5.007818;103.683;84.77745;0.7090135;79.05885;359.3466
../2018-1-21/IMG/robocam_2018_01_21_18_30_46_695.jpg;-15;1;0;5.010431;103.7884;85.25309;359.9851;75.32452;358.7828
../2018-1-21/IMG/robocam_2018_01_21_18_30_46_795.jpg;-15;1;0;5.001486;103.9151;85.73097;359.731;72.22937;358.528
../2018-1-21/IMG/robocam_2018_01_21_18_30_46_895.jpg;-15;1;0;5.000143;104.0664;86.21211;0.05194213;69.33846;358.6329
../2018-1-21/IMG/robocam_2018_01_21_18_30_46_995.jpg;-13.47063;1;0;5.004263;104.2451;86.67963;0.07017114;65.63872;358.9227
../2018-1-21/IMG/robocam_2018_01_21_18_30_47_163.jpg;-9.001363;1;0;5.010225;104.594;87.39814;0.004048728;61.30972;358.7978
../2018-1-21/IMG/robocam_2018_01_21_18_30_47_229.jpg;-15;1;0;5.015508;104.7885;87.74787;0.01782522;59.19527;358.8246
../2018-1-21/IMG/robocam_2018_01_21_18_30_47_295.jpg;-15;1;0;5.007685;104.9438;88.00386;0.0005262714;57.35635;358.8256
../2018-1-21/IMG/robocam_2018_01_21_18_30_47_363.jpg;-15;1;0;5.009387;105.1643;88.33772;0.01461647;54.70889;358.8331
../2018-1-21/IMG/robocam_2018_01_21_18_30_47_429.jpg;-15;1;0;5.008795;105.3393;88.58093;0.006584463;52.7059;358.8155
../2018-1-21/IMG/robocam_2018_01_21_18_30_47_496.jpg;-15;1;0;5.009264;105.5232;88.81766;0.006928854;50.71465;358.755
../2018-1-21/IMG/robocam_2018_01_21_18_30_47_595.jpg;-15;1;0;5.002337;105.8435;89.20151;0.02156029;47.554;358.8652
../2018-1-21/IMG/robocam_2018_01_21_18_30_47_696.jpg;-10.50158;1;0;5.010421;106.1859;89.56509;-0.003675069;44.67281;358.8335
../2018-1-21/IMG/robocam_2018_01_21_18_30_47_762.jpg;-5.994151;1;0;5.01043;106.3985;89.77735;0.007405126;43.36227;358.8765
../2018-1-21/IMG/robocam_2018_01_21_18_30_47_829.jpg;-2.995216;1;0;5.012213;106.689;90.05312;0.007036429;42.23351;358.9122
../2018-1-21/IMG/robocam_2018_01_21_18_30_47_895.jpg;-0.001993775;1;0;5.012041;106.91;90.25691;0.01165785;41.82941;358.9517
../2018-1-21/IMG/robocam_2018_01_21_18_30_47_962.jpg;0;1;0;5.012063;107.1331;90.4593;0.04234963;41.67611;358.9956
../2018-1-21/IMG/robocam_2018_01_21_18_30_48_029.jpg;0;1;0;5.011086;107.4326;90.72831;0.1383797;41.61663;359.0688
../2018-1-21/IMG/robocam_2018_01_21_18_30_48_096.jpg;0;1;0;5.019444;107.6588;90.93023;0.2764535;41.59658;359.1325
../2018-1-21/IMG/robocam_2018_01_21_18_30_48_162.jpg;0;1;0;5.017487;107.8848;91.13214;0.416446;41.60149;359.2397
../2018-1-21/IMG/robocam_2018_01_21_18_30_48_230.jpg;0;1;0;5.006075;108.1867;91.40166;0.6322774;41.6125;359.4169
../2018-1-21/IMG/robocam_2018_01_21_18_30_48_296.jpg;0;1;0;5.016291;108.4136;91.60405;0.8165058;41.6228;359.5628
../2018-1-21/IMG/robocam_2018_01_21_18_30_48_362.jpg;0;1;0;5.014267;108.6403;91.80656;1.006334;41.64997;359.7178
../2018-1-21/IMG/robocam_2018_01_21_18_30_48_429.jpg;0;1;0;5.006996;108.9428;92.07709;1.283608;41.70024;359.9255
../2018-1-21/IMG/robocam_2018_01_21_18_30_48_495.jpg;0;1;0;5.024731;109.1702;92.27903;1.477165;41.71116;-0.001127836
../2018-1-21/IMG/robocam_2018_01_21_18_30_48_562.jpg;0;1;0;5.006858;109.3964;92.47832;1.511504;41.68087;-0.004768757
../2018-1-21/IMG/robocam_2018_01_21_18_30_48_629.jpg;0;1;0;4.956835;109.6956;92.742;1.407527;41.64006;-0.001395007
../2018-1-21/IMG/robocam_2018_01_21_18_30_48_695.jpg;0;1;0;5.010915;109.9208;92.9404;1.366788;41.60101;-0.001167174
../2018-1-21/IMG/robocam_2018_01_21_18_30_48_762.jpg;0;1;0;5.004964;110.1466;93.13915;1.352979;41.58643;-0.001948481
../2018-1-21/IMG/robocam_2018_01_21_18_30_48_829.jpg;0;1;0;5.015585;110.4476;93.40381;1.35037;41.49398;-0.001327827
../2018-1-21/IMG/robocam_2018_01_21_18_30_48_895.jpg;0;1;0;5.0164;110.6741;93.60268;1.375496;41.47363;-0.001808867
../2018-1-21/IMG/robocam_2018_01_21_18_30_48_963.jpg;0;1;0;5.016746;110.9762;93.8674;1.415166;41.40415;-0.001416736
../2018-1-21/IMG/robocam_2018_01_21_18_30_49_029.jpg;0;1;0;5.008637;111.2034;94.06615;1.461925;41.37863;-0.001784914
../2018-1-21/IMG/robocam_2018_01_21_18_30_49_097.jpg;0;1;0;5.030017;111.4302;94.26424;1.500278;41.31042;-0.0003172323
../2018-1-21/IMG/robocam_2018_01_21_18_30_49_162.jpg;0;1;0;5.011671;111.6573;94.46223;1.511852;41.23788;-0.0005760174
../2018-1-21/IMG/robocam_2018_01_21_18_30_49_229.jpg;0;1;0;5.017292;111.9598;94.72543;1.508224;41.22987;-0.001481063
../2018-1-21/IMG/robocam_2018_01_21_18_30_49_295.jpg;0;1;0;5.015299;112.1872;94.92303;1.523584;41.18673;-0.001400844
../2018-1-21/IMG/robocam_2018_01_21_18_30_49_362.jpg;0;1;0;5.030045;112.4128;95.11868;1.408223;41.13657;-0.000965536
../2018-1-21/IMG/robocam_2018_01_21_18_30_49_429.jpg;0;1;0;5.013542;112.7149;95.38033;1.319165;41.09105;-0.001375847
../2018-1-21/IMG/robocam_2018_01_21_18_30_49_495.jpg;0;1;0;5.017118;112.9418;95.57664;1.280866;41.04932;-0.0009989514
../2018-1-21/IMG/robocam_2018_01_21_18_30_49_562.jpg;0;1;0;4.994723;113.1693;95.77316;1.266899;41.00199;-0.001245267
../2018-1-21/IMG/robocam_2018_01_21_18_30_49_629.jpg;0;1;0;5.008381;113.4731;96.03535;1.28231;40.95698;-0.001151602
../2018-1-21/IMG/robocam_2018_01_21_18_30_49_695.jpg;0;1;0;5.022265;113.7014;96.23205;1.310687;40.91819;-0.001379846
../2018-1-21/IMG/robocam_2018_01_21_18_30_49_762.jpg;0;1;0;5.008245;113.9301;96.42886;1.355404;40.88991;-0.001547364
../2018-1-21/IMG/robocam_2018_01_21_18_30_49_829.jpg;0;1;0;5.022341;114.2352;96.6909;1.419753;40.83694;-0.001477162
../2018-1-21/IMG/robocam_2018_01_21_18_30_49_895.jpg;0;1;0;5.014291;114.4644;96.8875;1.478745;40.80608;-0.001631891
../2018-1-21/IMG/robocam_2018_01_21_18_30_49_962.jpg;0;1;0;5.02104;114.6931;97.08322;1.489845;40.77361;-0.004241167
../2018-1-21/IMG/robocam_2018_01_21_18_30_50_029.jpg;0;1;0;4.986576;114.997;97.34304;1.417377;40.73075;-0.001464563
../2018-1-21/IMG/robocam_2018_01_21_18_30_50_095.jpg;0;1;0;5.009931;115.2254;97.53802;1.388798;40.69394;-0.001300519
../2018-1-21/IMG/robocam_2018_01_21_18_30_50_162.jpg;0;1;0;5.003926;115.4545;97.73332;1.38466;40.66692;-0.001628195
../2018-1-21/IMG/robocam_2018_01_21_18_30_50_228.jpg;-1.50642;1;0;5.015645;115.76;97.9931;1.391674;40.55145;-0.001074791
../2018-1-21/IMG/robocam_2018_01_21_18_30_50_296.jpg;-4.519125;1;0;5.01612;115.9909;98.18692;1.418542;40.2034;-0.0003988345
../2018-1-21/IMG/robocam_2018_01_21_18_30_50_362.jpg;-7.503254;1;0;5.028981;116.2231;98.37821;1.440794;39.53593;-2.268553E-05
../2018-1-21/IMG/robocam_2018_01_21_18_30_50_429.jpg;-10.5097;1;0;5.013721;116.5372;98.62815;1.458307;38.11506;359.9577
../2018-1-21/IMG/robocam_2018_01_21_18_30_50_496.jpg;-13.57083;1;0;5.013568;116.7754;98.80889;1.361812;36.47107;359.8893
../2018-1-21/IMG/robocam_2018_01_21_18_30_50_562.jpg;-15;1;0;4.977154;117.0177;98.97979;1.147975;34.45351;359.7
../2018-1-21/IMG/robocam_2018_01_21_18_30_50_629.jpg;-15;1;0;5.007833;117.3464;99.19465;0.7077062;31.61356;359.3562
../2018-1-21/IMG/robocam_2018_01_21_18_30_50_696.jpg;-12.00197;1;0;5.011072;117.5974;99.34525;0.2899363;29.60282;359.0149
../2018-1-21/IMG/robocam_2018_01_21_18_30_50_762.jpg;-9.00956;1;0;5.010118;117.938;99.53716;359.7868;27.53621;358.6198
../2018-1-21/IMG/robocam_2018_01_21_18_30_50_828.jpg;-6.000679;1;0;5.003088;118.1994;99.68222;359.7402;26.59274;358.671
../2018-1-21/IMG/robocam_2018_01_21_18_30_50_895.jpg;-2.985903;1;0;5.002697;118.4667;99.82506;359.8928;26.00005;358.8607
../2018-1-21/IMG/robocam_2018_01_21_18_30_50_963.jpg;0;1;0;5.011355;118.8312;100.008;0.2729557;25.42384;359.0845
../2018-1-21/IMG/robocam_2018_01_21_18_30_51_028.jpg;0;1;0;5.012213;119.1051;100.1413;0.4927093;25.2542;359.2415
../2018-1-21/IMG/robocam_2018_01_21_18_30_51_095.jpg;0;1;0;5.004459;119.3792;100.2727;0.6860149;25.19144;359.4009
../2018-1-21/IMG/robocam_2018_01_21_18_30_51_162.jpg;0;1;0;5.006966;119.6539;100.4034;0.8790706;25.16688;359.5638
../2018-1-21/IMG/robocam_2018_01_21_18_30_51_228.jpg;0;1;0;5.021683;120.0202;100.577;1.137804;25.21016;359.7738
../2018-1-21/IMG/robocam_2018_01_21_18_30_51_295.jpg;0;1;0;5.005214;120.2954;100.7076;1.346973;25.2426;359.9362
../2018-1-21/IMG/robocam_2018_01_21_18_30_51_362.jpg;0;1;0;5.016957;120.5706;100.8367;1.532453;25.24994;-0.0009055908
../2018-1-21/IMG/robocam_2018_01_21_18_30_51_429.jpg;0;1;0;5.012601;120.9325;101.0049;1.441851;25.21395;-0.001001046
../2018-1-21/IMG/robocam_2018_01_21_18_30_51_496.jpg;0;1;0;5.00352;121.2043;101.1313;1.389696;25.17841;-0.001264651
../2018-1-21/IMG/robocam_2018_01_21_18_30_51_562.jpg;0;1;0;5.01088;121.4768;101.2579;1.360919;25.15054;-0.001540428
../2018-1-21/IMG/robocam_2018_01_21_18_30_51_629.jpg;0;1;0;5.023229;121.8403;101.4266;1.346224;25.06935;-0.001260891
../2018-1-21/IMG/robocam_2018_01_21_18_30_51_696.jpg;0;1;0;5.014113;122.1136;101.5532;1.361311;25.04116;-0.001570373
../2018-1-21/IMG/robocam_2018_01_21_18_30_51_761.jpg;0;1;0;5.021499;122.3868;101.6796;1.38337;24.99066;-0.000814524
../2018-1-21/IMG/robocam_2018_01_21_18_30_51_829.jpg;0;1;0;5.014264;122.7521;101.8481;1.435569;24.94901;-0.001605598
../2018-1-21/IMG/robocam_2018_01_21_18_30_51_896.jpg;0;1;0;5.005395;123.0259;101.9741;1.476827;24.9043;-0.001103122
../2018-1-21/IMG/robocam_2018_01_21_18_30_51_962.jpg;0;1;0;4.982996;123.2999;102.0999;1.522433;24.84969;-0.001525965
../2018-1-21/IMG/robocam_2018_01_21_18_30_52_029.jpg;0;1;0;5.03363;123.6626;102.2662;1.422495;24.79444;-0.001484529
../2018-1-21/IMG/robocam_2018_01_21_18_30_52_096.jpg;0;1;0;5.013341;123.9357;102.391;1.385102;24.76142;-0.00145296
../2018-1-21/IMG/robocam_2018_01_21_18_30_52_162.jpg;0;1;0;5.016978;124.3006;102.5574;1.369341;24.7268;-0.001826316
../2018-1-21/IMG/robocam_2018_01_21_18_30_52_229.jpg;0;1;0;4.99428;124.5742;102.682;1.369769;24.66409;-0.001497947
../2018-1-21/IMG/robocam_2018_01_21_18_30_52_296.jpg;0;1;0;5.008813;124.8484;102.8066;1.388707;24.62638;-0.001252801
../2018-1-21/IMG/robocam_2018_01_21_18_30_52_363.jpg;0;1;0;4.998679;125.214;102.9724;1.426736;24.55206;-6.75224E-05
../2018-1-21/IMG/robocam_2018_01_21_18_30_52_429.jpg;0;1;0;5.01062;125.4888;103.0967;1.468852;24.51588;-0.00147335
../2018-1-21/IMG/robocam_2018_01_21_18_30_52_496.jpg;0;1;0;5.015806;125.764;103.2209;1.518132;24.49413;-0.001980863
../2018-1-21/IMG/robocam_2018_01_21_18_30_52_563.jpg;-1.523296;1;0;5.028309;126.1281;103.3845;1.415985;24.40317;-0.001134905
../2018-1-21/IMG/robocam_2018_01_21_18_30_52_629.jpg;-4.521963;1;0;5.013649;126.4026;103.5059;1.373915;24.05527;-0.0002580739
../2018-1-21/IMG/robocam_2018_01_21_18_30_52_695.jpg;-7.511897;1;0;5.017637;126.6784;103.6247;1.348234;23.39487;-0.0003948729
../2018-1-21/IMG/robocam_2018_01_21_18_30_52_762.jpg;-10.52352;1;0;4.992638;126.956;103.7396;1.33396;22.37558;359.963
../2018-1-21/IMG/robocam_2018_01_21_18_30_52_830.jpg;-13.49631;1;0;5.006893;127.33;103.882;1.289582;20.3679;359.7275
../2018-1-21/IMG/robocam_2018_01_21_18_30_52_897.jpg;-15;1;0;5.016241;127.6097;103.9807;1.076025;18.35937;359.5667
../2018-1-21/IMG/robocam_2018_01_21_18_30_52_963.jpg;-15;1;0;5.007138;127.9841;104.0963;0.589774;15.40871;359.2556
../2018-1-21/IMG/robocam_2018_01_21_18_30_53_030.jpg;-15;1;0;5.007955;128.2667;104.1701;0.1440441;13.20752;358.9044
../2018-1-21/IMG/robocam_2018_01_21_18_30_53_096.jpg;-15;1;0;5.008668;128.5525;104.2359;359.7914;11.23112;358.5834
../2018-1-21/IMG/robocam_2018_01_21_18_30_53_164.jpg;-15;1;0;5.000706;128.9425;104.3169;359.7594;8.935272;358.4914
../2018-1-21/IMG/robocam_2018_01_21_18_30_53_229.jpg;-15;1;0;5.00032;129.2414;104.3691;359.992;7.230881;358.5984
../2018-1-21/IMG/robocam_2018_01_21_18_30_53_296.jpg;-15;1;0;5.000798;129.5409;104.4104;0.1379932;5.145851;358.7678
../2018-1-21/IMG/robocam_2018_01_21_18_30_53_362.jpg;-15;1;0;5.010979;129.8382;104.4389;0.07897612;2.84613;358.9201
../2018-1-21/IMG/robocam_2018_01_21_18_30_53_430.jpg;-15;1;0;5.01164;130.2364;104.4506;359.9832;359.6172;358.7657
../2018-1-21/IMG/robocam_2018_01_21_18_30_53_496.jpg;-13.51797;1;0;5.00247;130.5365;104.4482;0.01324224;357.6153;358.6723
../2018-1-21/IMG/robocam_2018_01_21_18_30_53_564.jpg;-10.52484;1;0;5.003225;130.9363;104.4342;0.0221399;355.4292;358.7567
../2018-1-21/IMG/robocam_2018_01_21_18_30_53_630.jpg;-7.478791;1;0;5.004918;131.2349;104.414;359.9715;354.0579;358.8813
../2018-1-21/IMG/robocam_2018_01_21_18_30_53_697.jpg;-7.541163;1;0;5.012696;131.5346;104.383;0.03190526;352.9752;358.8825
../2018-1-21/IMG/robocam_2018_01_21_18_30_53_763.jpg;-10.5;1;0;5.008728;131.8324;104.3448;0.03143824;351.8312;358.846
../2018-1-21/IMG/robocam_2018_01_21_18_30_53_830.jpg;-13.4799;1;0;5.009954;132.2273;104.2833;0.008620126;349.9206;358.8338
../2018-1-21/IMG/robocam_2018_01_21_18_30_53_895.jpg;-15;1;0;5.005786;132.5219;104.2269;0.01212343;348.1586;358.8121
../2018-1-21/IMG/robocam_2018_01_21_18_30_53_964.jpg;-12.04575;1;0;5.012768;132.9122;104.1405;0.004709682;345.7704;358.8657
../2018-1-21/IMG/robocam_2018_01_21_18_30_54_030.jpg;-9.024494;1;0;5.010527;133.2027;104.0653;0.002260793;344.2249;358.857
../2018-1-21/IMG/robocam_2018_01_21_18_30_54_098.jpg;-6.039013;1;0;5.010971;133.4917;103.984;0.001682681;343.0273;358.8677
../2018-1-21/IMG/robocam_2018_01_21_18_30_54_163.jpg;-5.909189;1;0;5.010762;133.875;103.8673;0.006947583;341.8661;358.909
../2018-1-21/IMG/robocam_2018_01_21_18_30_54_229.jpg;-8.946957;1;0;5.01085;134.1598;103.7722;0.008780155;340.903;358.8872
../2018-1-21/IMG/robocam_2018_01_21_18_30_54_295.jpg;-11.88272;1;0;5.010551;134.4424;103.6712;0.001141495;339.7004;358.8623
../2018-1-21/IMG/robocam_2018_01_21_18_30_54_364.jpg;-14.91486;1;0;5.008353;134.8153;103.526;0.01231131;337.6195;358.8443
../2018-1-21/IMG/robocam_2018_01_21_18_30_54_430.jpg;-13.53039;1;0;5.008585;135.0912;103.4083;0.01309929;335.8223;358.8427
../2018-1-21/IMG/robocam_2018_01_21_18_30_54_496.jpg;-10.51318;1;0;5.01007;135.364;103.2834;0.01128406;334.1412;358.849
../2018-1-21/IMG/robocam_2018_01_21_18_30_54_563.jpg;-7.500479;1;0;5.010705;135.7231;103.1068;0.01128112;332.3011;358.8732
../2018-1-21/IMG/robocam_2018_01_21_18_30_54_630.jpg;-4.534755;1;0;5.011118;135.9891;102.968;-0.005082675;331.3121;358.9005
../2018-1-21/IMG/robocam_2018_01_21_18_30_54_697.jpg;-1.516154;1;0;5.010799;136.2537;102.8246;0.01937751;330.6745;358.9258
../2018-1-21/IMG/robocam_2018_01_21_18_30_54_763.jpg;0;1;0;5.012088;136.605;102.6301;0.06256409;330.3416;358.9922
../2018-1-21/IMG/robocam_2018_01_21_18_30_54_830.jpg;0;1;0;5.011648;136.868;102.4823;0.1188052;330.2643;359.0573
../2018-1-21/IMG/robocam_2018_01_21_18_30_54_897.jpg;0;1;0;5.017623;137.1312;102.333;0.2305682;330.2383;359.1186
../2018-1-21/IMG/robocam_2018_01_21_18_30_54_964.jpg;0;1;0;5.005599;137.4827;102.1333;0.4196826;330.2327;359.2459
../2018-1-21/IMG/robocam_2018_01_21_18_30_55_030.jpg;0;1;0;5.017148;137.7467;101.9832;0.5853505;330.2337;359.3679
../2018-1-21/IMG/robocam_2018_01_21_18_30_55_098.jpg;0;1;0;5.016286;138.0106;101.8332;0.7510749;330.2485;359.5152
../2018-1-21/IMG/robocam_2018_01_21_18_30_55_163.jpg;0;1;0;5.008852;138.3631;101.6329;1.005613;330.28;359.7145
../2018-1-21/IMG/robocam_2018_01_21_18_30_55_230.jpg;0;0.9014081;0;5.014036;138.6279;101.4827;1.212857;330.3092;359.8669
../2018-1-21/IMG/robocam_2018_01_21_18_30_55_296.jpg;0;0.699157;0;5.014054;138.8919;101.3327;1.397788;330.3497;-0.003581899
../2018-1-21/IMG/robocam_2018_01_21_18_30_55_363.jpg;0;0.501844;0;4.9885;139.2405;101.1317;1.509861;330.3242;-0.004062651
../2018-1-21/IMG/robocam_2018_01_21_18_30_55_429.jpg;0;0.2953361;0;5.013033;139.4993;100.9825;1.437348;330.2921;-0.00115285
../2018-1-21/IMG/robocam_2018_01_21_18_30_55_497.jpg;0;0;0.09832513;4.989811;139.7563;100.8343;1.303511;330.2582;-0.001018816
../2018-1-21/IMG/robocam_2018_01_21_18_30_55_562.jpg;0;0;0;4.933799;140.0092;100.6882;1.06056;330.2258;-0.0005649747
../2018-1-21/IMG/robocam_2018_01_21_18_30_55_630.jpg;0;0;0;4.913117;140.3436;100.4951;0.670063;330.1864;0.0006606525
../2018-1-21/IMG/robocam_2018_01_21_18_30_55_696.jpg;0;0;0.198864;4.881408;140.5922;100.3517;0.3367864;330.1677;0.01493533
../2018-1-21/IMG/robocam_2018_01_21_18_30_55_764.jpg;0;0;0.3964319;4.818743;140.9166;100.1644;359.7835;330.1436;0.02117126
../2018-1-21/IMG/robocam_2018_01_21_18_30_55_829.jpg;0;0;0.6001589;4.723554;141.152;100.0282;359.2811;330.1133;-0.005305553
../2018-1-21/IMG/robocam_2018_01_21_18_30_55_896.jpg;0;0;0.799893;4.535486;141.3785;99.89809;358.6567;330.1066;0.003387317
../2018-1-21/IMG/robocam_2018_01_21_18_30_55_963.jpg;0;0;1;4.391619;141.6705;99.72968;357.9498;330.097;359.989
../2018-1-21/IMG/robocam_2018_01_21_18_30_56_031.jpg;0;0;1;4.270069;141.8848;99.60654;357.5652;330.1051;0.002741487
../2018-1-21/IMG/robocam_2018_01_21_18_30_56_097.jpg;0;0;1;4.103966;142.097;99.48442;357.4979;330.1194;0.01083041
../2018-1-21/IMG/robocam_2018_01_21_18_30_56_163.jpg;0;0;1;3.971886;142.3736;99.32424;357.6691;330.1093;359.9681
../2018-1-21/IMG/robocam_2018_01_21_18_30_56_230.jpg;0;0;1;3.859641;142.5779;99.20753;358.0402;330.0969;0.006523124
../2018-1-21/IMG/robocam_2018_01_21_18_30_56_297.jpg;0;0;1;3.696754;142.7776;99.09204;358.5776;330.1794;-0.00516308
../2018-1-21/IMG/robocam_2018_01_21_18_30_56_364.jpg;0;0;1;3.522862;143.0255;98.94981;359.066;330.2393;359.9934
../2018-1-21/IMG/robocam_2018_01_21_18_30_56_429.jpg;0;0;1;3.241022;143.1861;98.85767;358.8445;330.2544;-0.0001986495
../2018-1-21/IMG/robocam_2018_01_21_18_30_56_496.jpg;0;0;1;2.968671;143.3345;98.77242;358.4835;330.1915;359.9873
../2018-1-21/IMG/robocam_2018_01_21_18_30_56_563.jpg;0;0;1;2.825227;143.5243;98.66319;358.1891;330.183;359.9928
../2018-1-21/IMG/robocam_2018_01_21_18_30_56_631.jpg;0;0;1;2.70606;143.6632;98.58341;358.2111;330.1734;0.002373527
../2018-1-21/IMG/robocam_2018_01_21_18_30_56_696.jpg;0;0;1;2.542001;143.7987;98.5051;358.4319;330.1752;-0.00559965
../2018-1-21/IMG/robocam_2018_01_21_18_30_56_763.jpg;0;0;1;2.378732;143.9674;98.40789;358.7617;330.174;-0.002160178
../2018-1-21/IMG/robocam_2018_01_21_18_30_56_830.jpg;0;0;1;2.223366;144.0792;98.34355;358.8061;330.1617;-0.0009532317
../2018-1-21/IMG/robocam_2018_01_21_18_30_56_896.jpg;0;0;1;1.895606;144.1748;98.28858;358.55;330.1613;0.001976265
../2018-1-21/IMG/robocam_2018_01_21_18_30_56_962.jpg;0;0;1;1.784353;144.2659;98.236;358.4543;330.1614;359.9937
../2018-1-21/IMG/robocam_2018_01_21_18_30_57_030.jpg;0;0;1;1.661411;144.3822;98.16898;358.6091;330.1611;359.9939
../2018-1-21/IMG/robocam_2018_01_21_18_30_57_097.jpg;0;0;1;1.450951;144.4615;98.12348;358.771;330.164;0.001738523
../2018-1-21/IMG/robocam_2018_01_21_18_30_57_163.jpg;0;0;1;1.275933;144.5445;98.07548;358.6305;330.1929;0.002933817
../2018-1-21/IMG/robocam_2018_01_21_18_30_57_229.jpg;0;0;1;1.072401;144.5968;98.04506;358.5181;330.2052;359.9942
../2018-1-21/IMG/robocam_2018_01_21_18_30_57_297.jpg;0;0;1;0.9654956;144.6457;98.01689;358.5638;330.1906;0.0001625348
../2018-1-21/IMG/robocam_2018_01_21_18_30_57_363.jpg;0;0;1;0.7894813;144.6982;97.9864;358.6413;330.1663;0.003920243
../2018-1-21/IMG/robocam_2018_01_21_18_30_57_429.jpg;0;0;1;0.5271605;144.7188;97.97392;358.4449;330.1893;359.9934
../2018-1-21/IMG/robocam_2018_01_21_18_30_57_496.jpg;0;0;1;0.2708767;144.7304;97.96705;358.2657;330.1504;0.002462023
../2018-1-21/IMG/robocam_2018_01_21_18_30_57_564.jpg;0;0;1;0.07090615;144.7317;97.96469;358.1421;329.8932;0.06142721
../2018-1-21/IMG/robocam_2018_01_21_18_30_57_630.jpg;0;0;1;-0.02794089;144.7318;97.96454;358.346;329.8777;0.001689415
../2018-1-21/IMG/robocam_2018_01_21_18_30_57_696.jpg;0;0;1;-0.1362978;144.7318;97.96458;358.8125;329.8838;359.9506
../2018-1-21/IMG/robocam_2018_01_21_18_30_57_762.jpg;0;0;1;-0.1602469;144.7316;97.96471;359.3494;329.8843;359.9467
../2018-1-21/IMG/robocam_2018_01_21_18_30_57_829.jpg;0;0;1;-0.151992;144.7314;97.96486;0.02231538;329.885;359.9437
../2018-1-21/IMG/robocam_2018_01_21_18_30_57_896.jpg;0;0;0;-0.137577;144.7312;97.96495;0.4851891;329.8854;359.9431
../2018-1-21/IMG/robocam_2018_01_21_18_30_57_963.jpg;-1.518661;0;0;-0.1182157;144.7311;97.96504;0.9972553;329.7059;359.9864
../2018-1-21/IMG/robocam_2018_01_21_18_30_58_030.jpg;-4.519442;0;0;-0.1011309;144.731;97.96507;1.290544;328.9816;0.0122878
../2018-1-21/IMG/robocam_2018_01_21_18_30_58_097.jpg;-7.535344;0;0;-0.02795071;144.7307;97.96496;1.361813;327.8105;359.9866
../2018-1-21/IMG/robocam_2018_01_21_18_30_58_164.jpg;-10.52861;0;0;0.03829509;144.7308;97.96508;1.153823;325.4504;359.9914
../2018-1-21/IMG/robocam_2018_01_21_18_30_58_229.jpg;-13.51971;0;0;0.06170225;144.7308;97.96505;0.9492524;323.1063;359.9869
../2018-1-21/IMG/robocam_2018_01_21_18_30_58_296.jpg;-15;0;0;0.06321659;144.7309;97.96501;0.7440238;320.4064;359.9712
../2018-1-21/IMG/robocam_2018_01_21_18_30_58_363.jpg;-15;0;0;0.06308345;144.731;97.96497;0.4779024;316.8065;359.9255
../2018-1-21/IMG/robocam_2018_01_21_18_30_58_431.jpg;-15;0;0;0.06152909;144.731;97.96494;0.2896869;314.1064;359.8761
../2018-1-21/IMG/robocam_2018_01_21_18_30_58_496.jpg;-15;0;0;0.05778006;144.7311;97.9649;0.1151908;311.4063;359.8171
../2018-1-21/IMG/robocam_2018_01_21_18_30_58_563.jpg;-15;0;0;0.05389838;144.7312;97.96486;359.9572;308.7059;359.7518
../2018-1-21/IMG/robocam_2018_01_21_18_30_58_630.jpg;-15;0;0;0.04927444;144.7312;97.96482;359.7752;305.1053;359.6605
../2018-1-21/IMG/robocam_2018_01_21_18_30_58_697.jpg;-15;0;0;0.03861471;144.7313;97.96479;359.668;302.4048;359.6006
../2018-1-21/IMG/robocam_2018_01_21_18_30_58_764.jpg;-15;0;0;0.02899149;144.7314;97.96474;359.5753;298.8044;359.5527
../2018-1-21/IMG/robocam_2018_01_21_18_30_58_830.jpg;-15;0;0;0.02144759;144.7314;97.96472;359.5317;296.1042;359.5331
../2018-1-21/IMG/robocam_2018_01_21_18_30_58_896.jpg;-15;0;0;0.01503455;144.7314;97.96469;359.5062;293.4041;359.5265
../2018-1-21/IMG/robocam_2018_01_21_18_30_58_963.jpg;-15;0;0;0.01310164;144.7314;97.96467;359.4938;289.8042;359.5357
../2018-1-21/IMG/robocam_2018_01_21_18_30_59_029.jpg;-15;0;0;0.0133002;144.7313;97.96466;359.4966;287.1044;359.554
../2018-1-21/IMG/robocam_2018_01_21_18_30_59_097.jpg;-15;0;0;0.01506497;144.7313;97.96465;359.5066;284.4047;359.5803
../2018-1-21/IMG/robocam_2018_01_21_18_30_59_163.jpg;-15;0;0;0.01655342;144.7313;97.96465;359.5275;280.8052;359.6251
../2018-1-21/IMG/robocam_2018_01_21_18_30_59_230.jpg;-15;0;0;-0.0179966;144.7312;97.96465;359.5474;278.1057;359.6651
../2018-1-21/IMG/robocam_2018_01_21_18_30_59_297.jpg;-15;0;0;-0.01960151;144.7312;97.96465;359.5698;275.4061;359.7097
../2018-1-21/IMG/robocam_2018_01_21_18_30_59_362.jpg;-15;0;0;-0.0204664;144.7312;97.96465;359.5937;272.7066;359.7577
../2018-1-21/IMG/robocam_2018_01_21_18_30_59_430.jpg;-15;0;0;-0.0210034;144.7312;97.96465;359.6266;269.1072;359.8253
../2018-1-21/IMG/robocam_2018_01_21_18_30_59_496.jpg;-15;0;0;-0.02120275;144.7311;97.96467;359.6513;266.4075;359.8773
../2018-1-21/IMG/robocam_2018_01_21_18_30_59_562.jpg;-15;0;0;-0.02098129;144.7311;97.96468;359.6754;263.7079;359.9291
../2018-1-21/IMG/robocam_2018_01_21_18_30_59_630.jpg;-15;0;0;-0.0204712;144.7311;97.9647;359.7062;260.1082;-0.003710847
../2018-1-21/IMG/robocam_2018_01_21_18_30_59_697.jpg;-15;0;0;-0.01940437;144.731;97.96471;359.728;257.4084;0.04405241
../2018-1-21/IMG/robocam_2018_01_21_18_30_59_763.jpg;-15;0;0;-0.01837131;144.731;97.96473;359.7552;253.8086;0.1027665
../2018-1-21/IMG/robocam_2018_01_21_18_30_59_829.jpg;-15;0;0;-0.01719172;144.731;97.96474;359.7744;251.1087;0.1422545
../2018-1-21/IMG/robocam_2018_01_21_18_30_59_896.jpg;-15;0;0;-0.01548455;144.731;97.96476;359.7927;248.4088;0.1773056
../2018-1-21/IMG/robocam_2018_01_21_18_30_59_963.jpg;-15;0;0;-0.01417748;144.731;97.96478;359.8158;244.8088;0.2165763
../2018-1-21/IMG/robocam_2018_01_21_18_31_00_029.jpg;-15;0;0;-0.01291365;144.731;97.9648;359.8324;242.1088;0.2401953
../2018-1-21/IMG/robocam_2018_01_21_18_31_00_095.jpg;-15;0;0;-0.01175409;144.731;97.96481;359.8488;239.4088;0.2587656
../2018-1-21/IMG/robocam_2018_01_21_18_31_00_136.jpg;-15;0;0;-0.01106904;144.731;97.96482;359.8596;237.6087;0.2683761
../2018-1-21/IMG/robocam_2018_01_21_18_31_00_195.jpg;-15;0;0;-0.01021041;144.731;97.96484;359.8759;234.9086;0.2787623
../2018-1-21/IMG/robocam_2018_01_21_18_31_00_261.jpg;-15;0;0;0;144.731;97.96485;359.8924;232.2086;0.2845349
../2018-1-21/IMG/robocam_2018_01_21_18_31_00_328.jpg;-15;0;0;0;144.731;97.96485;359.9147;228.6084;0.2856128
../2018-1-21/IMG/robocam_2018_01_21_18_31_00_398.jpg;-15;0;0;0;144.731;97.96485;359.9318;225.9083;0.2819587
../2018-1-21/IMG/robocam_2018_01_21_18_31_00_463.jpg;-15;0;0;0;144.731;97.96485;359.9552;222.3082;0.2719554
../2018-1-21/IMG/robocam_2018_01_21_18_31_00_528.jpg;-15;0;0;0;144.731;97.96485;359.9731;219.6081;0.2611989
../2018-1-21/IMG/robocam_2018_01_21_18_31_00_595.jpg;-15;0;0;0;144.731;97.96485;359.9912;216.908;0.2481689
../2018-1-21/IMG/robocam_2018_01_21_18_31_00_661.jpg;-15;0;0;0;144.7311;97.96486;0.009387615;214.2079;0.2333198
../2018-1-21/IMG/robocam_2018_01_21_18_31_00_728.jpg;-15;0;0;0;144.7311;97.96486;0.03340803;210.6078;0.2114379
../2018-1-21/IMG/robocam_2018_01_21_18_31_00_795.jpg;-15;0;0;0;144.7311;97.96485;0.0510277;207.9077;0.1939849
../2018-1-21/IMG/robocam_2018_01_21_18_31_00_861.jpg;-15;0;0;0;144.7311;97.96485;0.0680751;205.2077;0.1760392
../2018-1-21/IMG/robocam_2018_01_21_18_31_00_929.jpg;-15;0;0;0;144.7311;97.96485;0.08954027;201.6076;0.1518874
../2018-1-21/IMG/robocam_2018_01_21_18_31_00_995.jpg;-15;0;0;0;144.7312;97.96484;0.1044162;198.9076;0.1339471
../2018-1-21/IMG/robocam_2018_01_21_18_31_01_062.jpg;-15;0;0;0;144.7312;97.96484;0.1180202;196.2075;0.1163979
../2018-1-21/IMG/robocam_2018_01_21_18_31_01_128.jpg;-15;0;0;0;144.7312;97.96483;0.1338759;192.6074;0.09389537
../2018-1-21/IMG/robocam_2018_01_21_18_31_01_195.jpg;-15;0;0;0;144.7312;97.96482;0.1438564;189.9074;0.07784963
../2018-1-21/IMG/robocam_2018_01_21_18_31_01_261.jpg;-15;0;0;0;144.7312;97.96481;0.152065;187.2074;0.06260976
../2018-1-21/IMG/robocam_2018_01_21_18_31_01_328.jpg;-15;0;0;0;144.7312;97.9648;0.1601155;183.6073;0.04362297
../2018-1-21/IMG/robocam_2018_01_21_18_31_01_402.jpg;-15;0;0;0;144.7312;97.9648;0.1639231;180.9073;0.03040968
../2018-1-21/IMG/robocam_2018_01_21_18_31_01_461.jpg;-15;0;0;0;144.7312;97.96479;0.1658132;178.2073;0.01807272
../2018-1-21/IMG/robocam_2018_01_21_18_31_01_562.jpg;-15;0;0;0;144.7312;97.96478;0.1647982;173.7073;-0.0005982576
../2018-1-21/IMG/robocam_2018_01_21_18_31_01_662.jpg;-15;0;0;0;144.7312;97.96477;0.1588881;169.2073;359.983
../2018-1-21/IMG/robocam_2018_01_21_18_31_01_762.jpg;-15;0;0;0;144.7312;97.96476;0.1486246;164.7074;359.9686
../2018-1-21/IMG/robocam_2018_01_21_18_31_01_829.jpg;-15;0;0;0;144.7312;97.96475;0.137749;161.1074;359.9584
../2018-1-21/IMG/robocam_2018_01_21_18_31_01_895.jpg;-15;0;0;0;144.7312;97.96475;0.1283069;158.4074;359.9516
../2018-1-21/IMG/robocam_2018_01_21_18_31_01_962.jpg;-15;0;0;0;144.7312;97.96475;0.1179659;155.7074;359.9454
../2018-1-21/IMG/robocam_2018_01_21_18_31_02_062.jpg;-15;0;0;0;144.7311;97.96475;0.09924015;151.2074;359.9364
../2018-1-21/IMG/robocam_2018_01_21_18_31_02_129.jpg;-15;0;0;0;144.7311;97.96475;0.08341285;147.6074;359.9304
../2018-1-21/IMG/robocam_2018_01_21_18_31_02_195.jpg;-15;0;0;0;144.7311;97.96474;0.07132321;144.9074;359.9266
../2018-1-21/IMG/robocam_2018_01_21_18_31_02_262.jpg;-13.48418;0;0;0;144.7311;97.96474;0.058879;142.4803;359.9231
../2018-1-21/IMG/robocam_2018_01_21_18_31_02_361.jpg;-8.98116;0.1004848;0;0;144.73;97.96576;0.06706841;141.2215;359.9146
../2018-1-21/IMG/robocam_2018_01_21_18_31_02_462.jpg;-4.496861;0.3994381;0;0.03349131;144.7272;97.96822;0.1184522;141.2847;359.9106
../2018-1-21/IMG/robocam_2018_01_21_18_31_02_562.jpg;0;0.7005419;0;0.06719732;144.7193;97.97453;0.2882203;141.2931;359.9144
../2018-1-21/IMG/robocam_2018_01_21_18_31_02_662.jpg;0;0.9999179;0;0.1175357;144.7054;97.98533;0.5569732;141.2296;359.9571
../2018-1-21/IMG/robocam_2018_01_21_18_31_02_761.jpg;0;1;0;0.20007;144.683;98.00348;0.9587882;141.0462;0.01433567
../2018-1-21/IMG/robocam_2018_01_21_18_31_02_861.jpg;0;1;0;0.2908406;144.6542;98.0276;1.340458;140.7611;-0.003514186
../2018-1-21/IMG/robocam_2018_01_21_18_31_02_961.jpg;0;1;0;0.3765148;144.6256;98.05096;1.144558;140.5583;0.0007778629
../2018-1-21/IMG/robocam_2018_01_21_18_31_03_061.jpg;0;1;0;0.4748571;144.589;98.08112;1.041197;140.7356;-0.001178936
../2018-1-21/IMG/robocam_2018_01_21_18_31_03_161.jpg;0;1;0;0.5573741;144.5448;98.11732;1.082431;140.9421;-0.0003399693
../2018-1-21/IMG/robocam_2018_01_21_18_31_03_261.jpg;0;1;0;0.6265441;144.4935;98.15931;1.212971;140.9029;-0.001386092
../2018-1-21/IMG/robocam_2018_01_21_18_31_03_362.jpg;-4.491359;1;0;0.6990813;144.4383;98.20688;1.245299;140.6578;-8.641162E-05
../2018-1-21/IMG/robocam_2018_01_21_18_31_03_461.jpg;-5.989367;1;0;0.7920201;144.3786;98.26145;1.204559;140.002;0.00200441
../2018-1-21/IMG/robocam_2018_01_21_18_31_03_561.jpg;-1.507589;1;0;0.8831001;144.3117;98.32047;1.202913;139.91;5.961721E-05
../2018-1-21/IMG/robocam_2018_01_21_18_31_03_661.jpg;0;1;0;0.9644803;144.2365;98.38455;1.244146;139.9018;-0.001080011
../2018-1-21/IMG/robocam_2018_01_21_18_31_03_762.jpg;0;1;0;1.045213;144.1557;98.45313;1.23126;139.8775;-0.0007361762
../2018-1-21/IMG/robocam_2018_01_21_18_31_03_861.jpg;-4.503869;1;0;1.117002;144.0706;98.52858;1.220498;139.4436;0.0004538303
../2018-1-21/IMG/robocam_2018_01_21_18_31_03_962.jpg;-0.01876473;1;0;1.199845;143.9792;98.60897;1.232007;139.2397;-0.0004067571
../2018-1-21/IMG/robocam_2018_01_21_18_31_04_061.jpg;0;1;0;1.275059;143.8816;98.69378;1.232893;139.1981;-0.0008506087
../2018-1-21/IMG/robocam_2018_01_21_18_31_04_161.jpg;0;1;0;1.355542;143.7779;98.78397;1.241819;139.1619;-0.0009220252
../2018-1-21/IMG/robocam_2018_01_21_18_31_04_228.jpg;0;1;0;1.402336;143.6908;98.85988;1.248305;139.138;-0.0008830648
../2018-1-21/IMG/robocam_2018_01_21_18_31_04_295.jpg;0;1;0;1.481324;143.623;98.91896;1.249668;139.1258;-0.0009080442
../2018-1-21/IMG/robocam_2018_01_21_18_31_04_361.jpg;0;1;0;1.513534;143.5531;98.97993;1.25451;139.1163;-0.000978232
../2018-1-21/IMG/robocam_2018_01_21_18_31_04_463.jpg;0;1;0;1.590165;143.4071;99.10743;1.262671;139.0931;-0.000999638
../2018-1-21/IMG/robocam_2018_01_21_18_31_04_528.jpg;0;1;0;1.651873;143.3309;99.17395;1.267581;139.0809;-0.0009999602
../2018-1-21/IMG/robocam_2018_01_21_18_31_04_628.jpg;0;1;0;1.713318;143.1994;99.28884;1.272878;139.0645;-0.001035189
../2018-1-21/IMG/robocam_2018_01_21_18_31_04_695.jpg;0;1;0;1.790468;143.1178;99.36027;1.280113;139.0512;-0.001055314
../2018-1-21/IMG/robocam_2018_01_21_18_31_04_762.jpg;0;1;0;1.820638;143.0341;99.43342;1.280871;139.0412;-0.001045173
../2018-1-21/IMG/robocam_2018_01_21_18_31_04_862.jpg;0;1;0;1.896346;142.8901;99.55949;1.291926;139.022;-0.001103036
../2018-1-21/IMG/robocam_2018_01_21_18_31_04_961.jpg;0;1;0;1.971684;142.7405;99.6905;1.297456;139.004;-0.001121399
../2018-1-21/IMG/robocam_2018_01_21_18_31_05_061.jpg;0;1;0;2.045792;142.5854;99.82648;1.302813;138.9848;-0.001166556
../2018-1-21/IMG/robocam_2018_01_21_18_31_05_161.jpg;0;1;0;2.120021;142.4247;99.96744;1.31066;138.9665;-0.001206484
../2018-1-21/IMG/robocam_2018_01_21_18_31_05_261.jpg;0;1;0;2.194694;142.2585;100.1133;1.314726;138.9478;-0.001225274
../2018-1-21/IMG/robocam_2018_01_21_18_31_05_361.jpg;0;1;0;2.267338;142.0868;100.264;1.318824;138.9291;-0.001229386
../2018-1-21/IMG/robocam_2018_01_21_18_31_05_428.jpg;0;1;0;2.311853;141.9456;100.3881;1.323899;138.9156;-0.001267018
../2018-1-21/IMG/robocam_2018_01_21_18_31_05_495.jpg;0;1;0;2.384694;141.8374;100.4833;1.324602;138.9026;-0.001266218
../2018-1-21/IMG/robocam_2018_01_21_18_31_05_561.jpg;0;1;0;2.413588;141.7273;100.5801;1.328737;138.8911;-0.001289438
../2018-1-21/IMG/robocam_2018_01_21_18_31_05_661.jpg;0;1;0;2.485559;141.5394;100.7455;1.335715;138.8737;-0.001329046
../2018-1-21/IMG/robocam_2018_01_21_18_31_05_761.jpg;0;1;0;2.557476;141.3464;100.9155;1.33445;138.8523;-0.00130983
../2018-1-21/IMG/robocam_2018_01_21_18_31_05_861.jpg;0;1;0;2.62862;141.1479;101.0904;1.339557;138.8322;-0.001333852
../2018-1-21/IMG/robocam_2018_01_21_18_31_05_928.jpg;0;1;0;2.671115;140.9854;101.2338;1.345987;138.8161;-0.001360917
../2018-1-21/IMG/robocam_2018_01_21_18_31_06_028.jpg;0;1;0;2.741663;140.7775;101.4172;1.35303;138.7962;-0.001395242
../2018-1-21/IMG/robocam_2018_01_21_18_31_06_128.jpg;0;1;0;2.811866;140.5645;101.6053;1.356304;138.7763;-0.00141622
../2018-1-21/IMG/robocam_2018_01_21_18_31_06_228.jpg;0;1;0;2.881685;140.3462;101.7982;1.362951;138.7554;-0.001328154
../2018-1-21/IMG/robocam_2018_01_21_18_31_06_328.jpg;0;1;0;2.950812;140.1229;101.9957;1.369967;138.7331;-0.001472327
../2018-1-21/IMG/robocam_2018_01_21_18_31_06_428.jpg;0;1;0;3.019924;139.8946;102.1979;1.373556;138.7119;-0.001370327
../2018-1-21/IMG/robocam_2018_01_21_18_31_06_528.jpg;0;1;0;3.088326;139.6612;102.4046;1.374374;138.6888;-0.001500939
../2018-1-21/IMG/robocam_2018_01_21_18_31_06_628.jpg;0;1;0;3.157091;139.4228;102.616;1.379862;138.6647;-0.001511671
../2018-1-21/IMG/robocam_2018_01_21_18_31_06_728.jpg;0;1;0;3.224732;139.1794;102.832;1.386398;138.64;-0.001544341
../2018-1-21/IMG/robocam_2018_01_21_18_31_06_828.jpg;0;1;0;3.292026;138.931;103.0526;1.391137;138.6149;-0.001566549
../2018-1-21/IMG/robocam_2018_01_21_18_31_06_928.jpg;0;1;0;3.358961;138.6778;103.2777;1.400179;138.5888;-0.001480512
../2018-1-21/IMG/robocam_2018_01_21_18_31_07_028.jpg;0;1;0;3.424811;138.4198;103.5073;1.40218;138.5626;-0.001506294
../2018-1-21/IMG/robocam_2018_01_21_18_31_07_095.jpg;0;1;0;3.491443;138.2626;103.6473;1.408296;138.545;-0.001625969
../2018-1-21/IMG/robocam_2018_01_21_18_31_07_161.jpg;0;1;0;3.51724;138.1037;103.7889;1.411386;138.5287;-0.00153459
../2018-1-21/IMG/robocam_2018_01_21_18_31_07_228.jpg;0;1;0;3.556599;137.8892;103.9801;1.415522;138.5074;-0.001088787
../2018-1-21/IMG/robocam_2018_01_21_18_31_07_328.jpg;0;1;0;3.621801;137.6168;104.2233;1.420609;138.4763;-0.001565875
../2018-1-21/IMG/robocam_2018_01_21_18_31_07_428.jpg;0;1;0;3.686987;137.3396;104.4708;1.425877;138.446;-0.001588297
../2018-1-21/IMG/robocam_2018_01_21_18_31_07_528.jpg;0;1;0;3.751492;137.0578;104.7229;1.431885;138.4144;-0.001619474
../2018-1-21/IMG/robocam_2018_01_21_18_31_07_628.jpg;0;1;0;3.815656;136.7714;104.9793;1.436367;138.3823;-0.001636558
../2018-1-21/IMG/robocam_2018_01_21_18_31_07_728.jpg;-4.501305;1;0;3.879694;136.4833;105.243;1.431427;137.679;0.0005508026
../2018-1-21/IMG/robocam_2018_01_21_18_31_07_828.jpg;-9.044687;1;0;3.941137;136.1983;105.5178;1.385058;135.8804;359.9582
../2018-1-21/IMG/robocam_2018_01_21_18_31_07_928.jpg;-13.51103;1;0;3.999216;135.9248;105.807;1.152285;132.8376;359.7439
../2018-1-21/IMG/robocam_2018_01_21_18_31_08_028.jpg;-15;1;0;4.05376;135.6684;106.1121;0.6691293;129.0671;359.3475
../2018-1-21/IMG/robocam_2018_01_21_18_31_08_129.jpg;-10.50446;1;0;4.107626;135.4268;106.4321;0.03034445;125.8862;358.8457
../2018-1-21/IMG/robocam_2018_01_21_18_31_08_228.jpg;-6.003335;1;0;4.161918;135.1868;106.7663;359.7269;124.1091;358.6888
../2018-1-21/IMG/robocam_2018_01_21_18_31_08_328.jpg;-4.521613;1;0;4.198365;134.9437;107.1181;0.07742759;123.2305;359.0192
../2018-1-21/IMG/robocam_2018_01_21_18_31_08_428.jpg;-5.997562;1;0;4.263432;134.7115;107.4856;0.4513894;121.7059;359.2141
../2018-1-21/IMG/robocam_2018_01_21_18_31_08_528.jpg;-1.470836;1;0;4.322185;134.4829;107.8597;0.6731561;120.7643;359.4592
../2018-1-21/IMG/robocam_2018_01_21_18_31_08_628.jpg;0;1;0;4.384379;134.2542;108.2418;0.9278374;120.5472;359.6522
../2018-1-21/IMG/robocam_2018_01_21_18_31_08_728.jpg;0;1;0;4.443064;134.023;108.6298;1.211229;120.5582;359.8459
../2018-1-21/IMG/robocam_2018_01_21_18_31_08_828.jpg;0;1;0;4.501807;133.7893;109.0233;1.492366;120.5886;-0.002472914
../2018-1-21/IMG/robocam_2018_01_21_18_31_08_928.jpg;0;1;0;4.560612;133.5573;109.4196;1.500328;120.5545;-0.002121127
../2018-1-21/IMG/robocam_2018_01_21_18_31_09_028.jpg;4.507334;1;0;4.626563;133.3199;109.8178;1.407041;121.0993;0.02361049
../2018-1-21/IMG/robocam_2018_01_21_18_31_09_128.jpg;8.998242;1;0;4.683876;133.0706;110.2144;1.27419;122.6873;0.1785608
../2018-1-21/IMG/robocam_2018_01_21_18_31_09_228.jpg;4.495452;1;0;4.740898;132.8112;110.609;1.029349;124.1714;0.3491191
../2018-1-21/IMG/robocam_2018_01_21_18_31_09_328.jpg;8.996397;1;0;4.797982;132.5382;110.9993;0.7219462;125.9132;0.6175718
../2018-1-21/IMG/robocam_2018_01_21_18_31_09_429.jpg;10.49171;1;0;4.850849;132.2493;111.381;0.2738956;128.2999;0.965829
../2018-1-21/IMG/robocam_2018_01_21_18_31_09_528.jpg;6.000659;1;0;4.903028;131.9463;111.7587;359.8553;130.0871;1.239
../2018-1-21/IMG/robocam_2018_01_21_18_31_09_628.jpg;1.497783;1;0;4.947422;131.6296;112.1447;0.007987959;130.7964;1.052783
../2018-1-21/IMG/robocam_2018_01_21_18_31_09_728.jpg;0;1;0;5.004126;131.3023;112.5284;0.2031661;131.0117;0.8848081
../2018-1-21/IMG/robocam_2018_01_21_18_31_09_828.jpg;0;1;0;5.019363;130.9711;112.9114;0.4901478;131.0553;0.7174169
../2018-1-21/IMG/robocam_2018_01_21_18_31_09_928.jpg;0;1;0;5.006494;130.6398;113.2941;0.7856798;131.0408;0.4788684
../2018-1-21/IMG/robocam_2018_01_21_18_31_10_028.jpg;-4.498333;1;0;5.01405;130.3114;113.6811;1.137917;130.391;0.1377174
../2018-1-21/IMG/robocam_2018_01_21_18_31_10_128.jpg;-5.990574;1;0;5.005934;129.9886;114.0708;1.415018;129.1442;359.8571
../2018-1-21/IMG/robocam_2018_01_21_18_31_10_228.jpg;-1.491517;1;0;5.010353;129.6713;114.4557;1.301933;128.3711;359.8962
../2018-1-21/IMG/robocam_2018_01_21_18_31_10_329.jpg;0;1;0;4.999825;129.359;114.8456;1.221514;128.1937;359.8498
../2018-1-21/IMG/robocam_2018_01_21_18_31_10_395.jpg;0;1;0;5.017208;129.1717;115.0807;1.204322;128.2038;359.8249
../2018-1-21/IMG/robocam_2018_01_21_18_31_10_461.jpg;0;1;0;5.00681;128.9839;115.3163;1.216435;128.2138;359.8168
../2018-1-21/IMG/robocam_2018_01_21_18_31_10_562.jpg;0;1;0;5.012705;128.6709;115.7085;1.259514;128.3255;359.8438
../2018-1-21/IMG/robocam_2018_01_21_18_31_10_628.jpg;0;1;0;5.027425;128.4198;116.0223;1.324648;128.424;359.9031
../2018-1-21/IMG/robocam_2018_01_21_18_31_10_694.jpg;0;1;0;5.01456;128.2307;116.258;1.39931;128.4684;359.972
../2018-1-21/IMG/robocam_2018_01_21_18_31_10_761.jpg;0;1;0;5.018103;128.0424;116.4939;1.469305;128.5153;-0.005486338
../2018-1-21/IMG/robocam_2018_01_21_18_31_10_828.jpg;0;1;0;5.014312;127.7923;116.8085;1.485531;128.5159;-0.002917204
../2018-1-21/IMG/robocam_2018_01_21_18_31_10_895.jpg;0;1;0;5.031894;127.6064;117.0432;1.436209;128.4988;-0.002200012
../2018-1-21/IMG/robocam_2018_01_21_18_31_10_961.jpg;0;1;0;5.014531;127.4202;117.279;1.41694;128.4713;-0.001479615
../2018-1-21/IMG/robocam_2018_01_21_18_31_11_027.jpg;0;1;0;5.003541;127.172;117.594;1.414835;128.4185;-0.0008378874
../2018-1-21/IMG/robocam_2018_01_21_18_31_11_095.jpg;0;1;0;5.015115;126.9857;117.8307;1.431696;128.384;-0.001413944
../2018-1-21/IMG/robocam_2018_01_21_18_31_11_161.jpg;0;1;0;5.006171;126.7995;118.0679;1.461322;128.3577;-0.00173981
../2018-1-21/IMG/robocam_2018_01_21_18_31_11_228.jpg;0;1;0;5.029044;126.5517;118.3838;1.500451;128.2785;-0.001461094
../2018-1-21/IMG/robocam_2018_01_21_18_31_11_295.jpg;0;1;0;5.012316;126.3664;118.6206;1.490536;128.2362;-0.00406
../2018-1-21/IMG/robocam_2018_01_21_18_31_11_362.jpg;0;1;0;4.974053;126.1822;118.8563;1.410404;128.1931;-0.001391005
../2018-1-21/IMG/robocam_2018_01_21_18_31_11_428.jpg;0;1;0;5.010421;125.9361;119.1718;1.351668;128.1444;-0.001224759
../2018-1-21/IMG/robocam_2018_01_21_18_31_11_495.jpg;0;1;0;5.016834;125.7512;119.4091;1.338892;128.1285;-0.0018845
../2018-1-21/IMG/robocam_2018_01_21_18_31_11_561.jpg;0;1;0;5.023295;125.5667;119.6464;1.334897;128.0583;-0.001477456
../2018-1-21/IMG/robocam_2018_01_21_18_31_11_662.jpg;0;1;0;5.016476;125.2589;120.0428;1.369403;127.9914;-0.0008842817
../2018-1-21/IMG/robocam_2018_01_21_18_31_11_728.jpg;0;1;0;5.014291;125.0125;120.3608;1.423078;127.9502;-0.001585359
../2018-1-21/IMG/robocam_2018_01_21_18_31_11_794.jpg;0;1;0;5.016604;124.8281;120.5992;1.465702;127.9067;-0.001114539
../2018-1-21/IMG/robocam_2018_01_21_18_31_11_894.jpg;0;1;0;5.014215;124.521;120.997;1.509089;127.8079;-0.0003479267
../2018-1-21/IMG/robocam_2018_01_21_18_31_11_994.jpg;0;1;0;5.030859;124.2155;121.3939;1.50093;127.8867;-0.001070946
../2018-1-21/IMG/robocam_2018_01_21_18_31_12_094.jpg;0;1;0;5.015515;123.9097;121.791;1.485848;127.7768;-0.003411119
../2018-1-21/IMG/robocam_2018_01_21_18_31_12_195.jpg;0;1;0;4.992478;123.6057;122.1867;1.34832;127.6762;-0.001384137
../2018-1-21/IMG/robocam_2018_01_21_18_31_12_294.jpg;0;1;0;5.006958;123.3012;122.5843;1.296421;127.6622;-0.00260489
../2018-1-21/IMG/robocam_2018_01_21_18_31_12_394.jpg;-1.526805;1;0;5.012105;122.9976;122.9827;1.291309;127.4071;-0.001421227
../2018-1-21/IMG/robocam_2018_01_21_18_31_12_494.jpg;-6.022037;1;0;5.022336;122.6978;123.3853;1.332952;126.5168;-0.001201318
../2018-1-21/IMG/robocam_2018_01_21_18_31_12_594.jpg;-10.53301;1;0;5.017061;122.4085;123.7953;1.37953;124.6459;359.8637
../2018-1-21/IMG/robocam_2018_01_21_18_31_12_694.jpg;-11.9453;1;0;5.010602;122.1355;124.209;1.079292;121.8132;359.7045
../2018-1-21/IMG/robocam_2018_01_21_18_31_12_795.jpg;-7.446649;1;0;4.984062;121.8828;124.6329;0.6664817;119.3633;359.3233
../2018-1-21/IMG/robocam_2018_01_21_18_31_12_894.jpg;-2.952769;1;0;5.011683;121.6418;125.0612;0.1398358;117.9871;358.9773
../2018-1-21/IMG/robocam_2018_01_21_18_31_12_996.jpg;0;1;0;5.010931;121.4037;125.4962;359.8553;117.6982;358.8585
../2018-1-21/IMG/robocam_2018_01_21_18_31_13_062.jpg;0;1;0;5.020712;121.259;125.762;359.9612;117.7376;358.971
../2018-1-21/IMG/robocam_2018_01_21_18_31_13_128.jpg;0;1;0;5.010373;121.0684;126.1192;0.1885016;117.7491;359.1194
../2018-1-21/IMG/robocam_2018_01_21_18_31_13_228.jpg;0;1;0;5.011612;120.831;126.5669;0.5097032;117.775;359.3388
../2018-1-21/IMG/robocam_2018_01_21_18_31_13_328.jpg;0;1;0;5.011175;120.5932;127.0156;0.8834204;117.8106;359.592
../2018-1-21/IMG/robocam_2018_01_21_18_31_13_395.jpg;0;1;0;5.007915;120.4503;127.2848;1.116361;117.8379;359.7594
../2018-1-21/IMG/robocam_2018_01_21_18_31_13_462.jpg;0;1;0;5.008081;120.307;127.5542;1.360849;117.8723;359.9266
../2018-1-21/IMG/robocam_2018_01_21_18_31_13_528.jpg;0;1;0;5.02242;120.1193;127.9118;1.518455;117.8479;-0.004270555
../2018-1-21/IMG/robocam_2018_01_21_18_31_13_595.jpg;0;1;0;5.019958;119.9812;128.1768;1.404632;118.0164;359.9917
../2018-1-21/IMG/robocam_2018_01_21_18_31_13_661.jpg;0;1;0;5.014714;119.8421;128.4424;1.333452;117.9823;-0.0009834133
../2018-1-21/IMG/robocam_2018_01_21_18_31_13_728.jpg;0;1;0;5.004436;119.6564;128.7966;1.2775;117.9859;-0.003210426
../2018-1-21/IMG/robocam_2018_01_21_18_31_13_795.jpg;0;1;0;5.015484;119.5165;129.0628;1.267478;117.9563;-0.001170677
../2018-1-21/IMG/robocam_2018_01_21_18_31_13_861.jpg;0;1;0;5.005254;119.3764;129.3296;1.281512;117.9093;-0.0009355431
../2018-1-21/IMG/robocam_2018_01_21_18_31_13_928.jpg;0;1;0;5.016716;119.1898;129.6851;1.313888;117.8974;-0.001307178
../2018-1-21/IMG/robocam_2018_01_21_18_31_14_029.jpg;0;1;0;5.017017;118.9564;130.1303;1.387977;117.8468;-0.001496597
../2018-1-21/IMG/robocam_2018_01_21_18_31_14_099.jpg;0;1;0;5.014307;118.8165;130.3979;1.444883;117.8154;-0.001541018
../2018-1-21/IMG/robocam_2018_01_21_18_31_14_162.jpg;0;1;0;5.02137;118.6768;130.6652;1.498891;117.7777;-0.001336159
../2018-1-21/IMG/robocam_2018_01_21_18_31_14_228.jpg;0;1;0;5.000571;118.4916;131.0204;1.455916;117.745;-0.001684479
../2018-1-21/IMG/robocam_2018_01_21_18_31_14_295.jpg;0;1;0;5.01634;118.353;131.2867;1.413974;117.7088;-0.001356366
../2018-1-21/IMG/robocam_2018_01_21_18_31_14_361.jpg;0;1;0;5.007362;118.2144;131.5535;1.393876;117.6749;-0.001418938
../2018-1-21/IMG/robocam_2018_01_21_18_31_14_429.jpg;0;1;0;5.024002;118.0297;131.9093;1.387194;117.626;-0.001382691
../2018-1-21/IMG/robocam_2018_01_21_18_31_14_495.jpg;0;1;0;5.014142;117.8911;132.1768;1.404557;117.594;-0.001479554
../2018-1-21/IMG/robocam_2018_01_21_18_31_14_562.jpg;0;1;0;5.020252;117.7527;132.4442;1.427948;117.5545;-0.001206116
../2018-1-21/IMG/robocam_2018_01_21_18_31_14_630.jpg;0;1;0;4.987255;117.5683;132.8013;1.474915;117.5001;-0.001604292
../2018-1-21/IMG/robocam_2018_01_21_18_31_14_696.jpg;0;1;0;5.009249;117.4302;133.0694;1.516194;117.4612;-0.001387601
../2018-1-21/IMG/robocam_2018_01_21_18_31_14_761.jpg;0;1;0;5.014932;117.2927;133.3367;1.496964;117.4611;-0.003487815
../2018-1-21/IMG/robocam_2018_01_21_18_31_14_829.jpg;0;1;0;4.989109;117.1094;133.6933;1.490737;117.5284;-0.0009728841
../2018-1-21/IMG/robocam_2018_01_21_18_31_14_896.jpg;0;1;0;5.008603;116.9717;133.961;1.500485;117.514;-0.002211739
../2018-1-21/IMG/robocam_2018_01_21_18_31_14_962.jpg;0;1;0;4.992069;116.834;134.2288;1.518421;117.5261;-0.001782078
../2018-1-21/IMG/robocam_2018_01_21_18_31_15_028.jpg;-3.008119;1;0;5.022331;116.6519;134.5854;1.473951;117.2732;-0.0002013971
../2018-1-21/IMG/robocam_2018_01_21_18_31_15_095.jpg;-6.024826;1;0;5.013823;116.5175;134.8544;1.46237;116.7394;0.0004325772
../2018-1-21/IMG/robocam_2018_01_21_18_31_15_162.jpg;-9.006214;1;0;5.018782;116.3861;135.1248;1.45727;115.8918;-0.0003967061
../2018-1-21/IMG/robocam_2018_01_21_18_31_15_229.jpg;-11.99124;1;0;4.988706;116.219;135.4883;1.408804;114.175;359.9017
../2018-1-21/IMG/robocam_2018_01_21_18_31_15_296.jpg;-8.98399;1;0;5.008669;116.1006;135.7613;1.250254;112.7848;359.7992
../2018-1-21/IMG/robocam_2018_01_21_18_31_15_362.jpg;-5.994324;1;0;5.010429;115.987;136.0362;1.066525;111.5921;359.6517
../2018-1-21/IMG/robocam_2018_01_21_18_31_15_429.jpg;-2.917176;1;0;5.011359;115.8414;136.4044;0.7852763;110.508;359.4476
../2018-1-21/IMG/robocam_2018_01_21_18_31_15_495.jpg;0;1;0;5.011829;115.735;136.6816;0.5768856;110.1258;359.3078
../2018-1-21/IMG/robocam_2018_01_21_18_31_15_561.jpg;0;1;0;5.011735;115.6299;136.9598;0.388757;109.9957;359.2008
../2018-1-21/IMG/robocam_2018_01_21_18_31_15_629.jpg;0;1;0;5.011508;115.4912;137.3327;0.2130503;109.96;359.0918
../2018-1-21/IMG/robocam_2018_01_21_18_31_15_695.jpg;0;1;0;5.012071;115.3874;137.6135;0.1397956;109.9672;359.0505
../2018-1-21/IMG/robocam_2018_01_21_18_31_15_762.jpg;0;1;0;5.011533;115.2837;137.8954;0.1184954;109.9789;359.0431
../2018-1-21/IMG/robocam_2018_01_21_18_31_15_830.jpg;0;1;0;5.011527;115.1451;138.2728;0.1752305;109.9912;359.0786
../2018-1-21/IMG/robocam_2018_01_21_18_31_15_896.jpg;0;1;0;5.004567;115.041;138.5565;0.2679431;110.0008;359.1402
../2018-1-21/IMG/robocam_2018_01_21_18_31_15_963.jpg;0;1;0;5.005945;114.9019;138.9356;0.4312747;110.0105;359.2737
../2018-1-21/IMG/robocam_2018_01_21_18_31_16_028.jpg;0;1;0;5.017109;114.7975;139.2206;0.5883682;110.0166;359.3919
../2018-1-21/IMG/robocam_2018_01_21_18_31_16_095.jpg;0;1;0;5.008118;114.6929;139.5056;0.7580618;110.0358;359.5272
../2018-1-21/IMG/robocam_2018_01_21_18_31_16_161.jpg;0;1;0;5.008726;114.5881;139.7912;0.9542304;110.0569;359.6676
../2018-1-21/IMG/robocam_2018_01_21_18_31_16_228.jpg;0;1;0;5.014038;114.4478;140.172;1.227901;110.0983;359.8667
../2018-1-21/IMG/robocam_2018_01_21_18_31_16_295.jpg;0;1;0;5.002308;114.3427;140.4573;1.427368;110.1451;-0.00405196
../2018-1-21/IMG/robocam_2018_01_21_18_31_16_361.jpg;0;1;0;5.014569;114.2399;140.7426;1.559112;110.1165;-0.004052763
../2018-1-21/IMG/robocam_2018_01_21_18_31_16_428.jpg;-2.964195;1;0;5.023798;114.1062;141.1175;1.371989;110.0848;359.9918
../2018-1-21/IMG/robocam_2018_01_21_18_31_16_496.jpg;-6.028066;1;0;5.0119;114.0082;141.3994;1.241991;109.6271;-0.001630797
../2018-1-21/IMG/robocam_2018_01_21_18_31_16_561.jpg;-6.023877;1;0;5.000517;113.9119;141.6836;1.18303;108.7965;0.0006939725
../2018-1-21/IMG/robocam_2018_01_21_18_31_16_628.jpg;-3.043165;1;0;5.011963;113.7859;142.0629;1.13343;108.0578;359.9887
../2018-1-21/IMG/robocam_2018_01_21_18_31_16_695.jpg;-0.04715323;1;0;5.018655;113.6919;142.349;1.143107;107.7515;359.9703
../2018-1-21/IMG/robocam_2018_01_21_18_31_16_762.jpg;0;1;0;5.013234;113.5984;142.6348;1.157302;107.7064;359.952
../2018-1-21/IMG/robocam_2018_01_21_18_31_16_828.jpg;0;1;0;5.019257;113.4738;143.0173;1.22013;107.7069;359.9399
../2018-1-21/IMG/robocam_2018_01_21_18_31_16_895.jpg;0;1;0;4.988334;113.3804;143.3038;1.269252;107.7696;359.9496
../2018-1-21/IMG/robocam_2018_01_21_18_31_16_961.jpg;0;1;0;5.018846;113.2866;143.5907;1.337909;107.8206;359.9782
../2018-1-21/IMG/robocam_2018_01_21_18_31_17_028.jpg;0;1;0;4.990169;113.1619;143.9738;1.437718;107.8739;359.9942
../2018-1-21/IMG/robocam_2018_01_21_18_31_17_095.jpg;0;1;0;5.007894;113.0687;144.2611;1.512025;107.8958;-0.005508544
../2018-1-21/IMG/robocam_2018_01_21_18_31_17_161.jpg;0;1;0;5.019286;112.9763;144.5471;1.480036;107.787;-0.003425802
../2018-1-21/IMG/robocam_2018_01_21_18_31_17_228.jpg;0;1;0;5.006;112.8548;144.9267;1.342053;107.5256;0.008208924
../2018-1-21/IMG/robocam_2018_01_21_18_31_17_296.jpg;0;1;0;5.000539;112.7648;145.2112;1.229875;108.093;359.9836
../2018-1-21/IMG/robocam_2018_01_21_18_31_17_361.jpg;0;1;0;5.02404;112.673;145.4977;1.205715;108.1668;-0.001987732
../2018-1-21/IMG/robocam_2018_01_21_18_31_17_429.jpg;0;1;0;5.01439;112.55;145.8799;1.218701;108.1411;-0.0007267924
../2018-1-21/IMG/robocam_2018_01_21_18_31_17_495.jpg;0;1;0;5.00381;112.4576;146.1664;1.244232;108.1193;-0.001331267
../2018-1-21/IMG/robocam_2018_01_21_18_31_17_561.jpg;0;1;0;5.014421;112.3649;146.4535;1.287773;108.0894;-0.001256058
../2018-1-21/IMG/robocam_2018_01_21_18_31_17_628.jpg;0;1;0;5.004098;112.2415;146.8364;1.360296;108.0463;-0.001247141
../2018-1-21/IMG/robocam_2018_01_21_18_31_17_694.jpg;0;1;0;5.01596;112.1491;147.1239;1.422441;108.0141;-0.001428056
../2018-1-21/IMG/robocam_2018_01_21_18_31_17_762.jpg;0;1;0;5.005074;112.0567;147.4117;1.491334;107.9851;-0.001701267
../2018-1-21/IMG/robocam_2018_01_21_18_31_17_828.jpg;0;1;0;5.016973;111.9344;147.794;1.491499;107.9285;-0.002144365
../2018-1-21/IMG/robocam_2018_01_21_18_31_17_895.jpg;0;1;0;4.976808;111.8435;148.0791;1.433649;107.8899;-0.001536994
../2018-1-21/IMG/robocam_2018_01_21_18_31_17_961.jpg;0;1;0;5.014182;111.7524;148.3653;1.408951;107.852;-0.001288494
../2018-1-21/IMG/robocam_2018_01_21_18_31_18_030.jpg;0;1;0;5.004232;111.6312;148.7474;1.401346;107.7903;-0.0006296196
../2018-1-21/IMG/robocam_2018_01_21_18_31_18_095.jpg;0;1;0;5.015567;111.5403;149.0346;1.415367;107.7545;-0.00137745
../2018-1-21/IMG/robocam_2018_01_21_18_31_18_161.jpg;0;1;0;5.005963;111.4495;149.3221;1.443383;107.7295;-0.001761894
../2018-1-21/IMG/robocam_2018_01_21_18_31_18_229.jpg;0;1;0;5.029609;111.3289;149.705;1.480822;107.6435;-0.001463096
../2018-1-21/IMG/robocam_2018_01_21_18_31_18_296.jpg;0;1;0;5.013947;111.2386;149.9929;1.523168;107.6133;-0.001733773
../2018-1-21/IMG/robocam_2018_01_21_18_31_18_361.jpg;0;1;0;5.031616;111.1493;150.2782;1.430949;107.5809;-0.001516828
../2018-1-21/IMG/robocam_2018_01_21_18_31_18_428.jpg;0;1;0;5.013455;111.0302;150.6601;1.366612;107.5341;-0.001378943
../2018-1-21/IMG/robocam_2018_01_21_18_31_18_494.jpg;-1.507187;1;0;5.008375;110.9412;150.947;1.341311;107.4402;-0.0009025927
../2018-1-21/IMG/robocam_2018_01_21_18_31_18_562.jpg;-4.510842;1;0;4.995523;110.8535;151.2347;1.335353;107.133;-0.0005818714
../2018-1-21/IMG/robocam_2018_01_21_18_31_18_628.jpg;-7.512122;1;0;5.008219;110.7408;151.6198;1.351474;106.2264;-0.0009709038
../2018-1-21/IMG/robocam_2018_01_21_18_31_18_695.jpg;-4.524125;1;0;5.021955;110.659;151.9098;1.374348;105.4793;359.9846
../2018-1-21/IMG/robocam_2018_01_21_18_31_18_761.jpg;-1.511913;1;0;5.007527;110.5789;152.2005;1.409562;104.9677;359.9409
../2018-1-21/IMG/robocam_2018_01_21_18_31_18_828.jpg;0;1;0;5.024458;110.4722;152.5871;1.412671;104.7251;359.9386
../2018-1-21/IMG/robocam_2018_01_21_18_31_18_895.jpg;0;1;0;5.016248;110.3932;152.8774;1.401082;104.6946;359.9548
../2018-1-21/IMG/robocam_2018_01_21_18_31_18_961.jpg;0;1;0;5.016663;110.3148;153.1676;1.39816;104.741;359.9677
../2018-1-21/IMG/robocam_2018_01_21_18_31_19_029.jpg;0;1;0;5.017518;110.2103;153.5556;1.428855;104.7868;359.993
../2018-1-21/IMG/robocam_2018_01_21_18_31_19_094.jpg;0;1;0;4.994175;110.1323;153.8464;1.453931;104.8375;359.9935
../2018-1-21/IMG/robocam_2018_01_21_18_31_19_161.jpg;0;1;0;5.017067;110.0543;154.1376;1.490765;104.8645;359.994
../2018-1-21/IMG/robocam_2018_01_21_18_31_19_227.jpg;0;1;0;4.99689;109.9509;154.5251;1.489976;104.8813;359.9926
../2018-1-21/IMG/robocam_2018_01_21_18_31_19_295.jpg;0;1;0;5.033481;109.8744;154.8142;1.404438;104.8721;-0.002328833
../2018-1-21/IMG/robocam_2018_01_21_18_31_19_362.jpg;0;1;0;5.010302;109.7981;155.1044;1.353168;104.8524;-0.001873489
../2018-1-21/IMG/robocam_2018_01_21_18_31_19_428.jpg;0;1;0;5.017182;109.6968;155.4922;1.324566;104.8232;-0.001689443
../2018-1-21/IMG/robocam_2018_01_21_18_31_19_495.jpg;0;1;0;4.993206;109.6211;155.783;1.318373;104.775;-0.001432705
../2018-1-21/IMG/robocam_2018_01_21_18_31_19_561.jpg;0;1;0;5.016461;109.5454;156.0743;1.334063;104.7404;-0.001242724
../2018-1-21/IMG/robocam_2018_01_21_18_31_19_628.jpg;0;1;0;4.99785;109.4446;156.4635;1.37679;104.6938;-0.00147097
../2018-1-21/IMG/robocam_2018_01_21_18_31_19_695.jpg;0;1;0;5.008493;109.3693;156.7554;1.418356;104.6582;-0.001340635
../2018-1-21/IMG/robocam_2018_01_21_18_31_19_761.jpg;0;1;0;4.998113;109.2941;157.0477;1.466343;104.6208;-0.001494193
../2018-1-21/IMG/robocam_2018_01_21_18_31_19_828.jpg;0;1;0;5.008875;109.1944;157.4366;1.488703;104.5743;-0.004156652
../2018-1-21/IMG/robocam_2018_01_21_18_31_19_896.jpg;0;1;0;5.03205;109.1202;157.7268;1.422979;104.5404;-0.001368527
../2018-1-21/IMG/robocam_2018_01_21_18_31_19_961.jpg;0;1;0;5.010188;109.0461;158.0178;1.385608;104.506;-0.001406603
../2018-1-21/IMG/robocam_2018_01_21_18_31_20_028.jpg;0;1;0;5.016984;108.9473;158.4064;1.369575;104.4678;-0.001704499
../2018-1-21/IMG/robocam_2018_01_21_18_31_20_095.jpg;0;1;0;4.995717;108.8734;158.6979;1.370659;104.4145;-0.001465041
../2018-1-21/IMG/robocam_2018_01_21_18_31_20_161.jpg;0;1;0;5.016278;108.7996;158.9899;1.389487;104.3776;-0.001282118
../2018-1-21/IMG/robocam_2018_01_21_18_31_20_228.jpg;0;1;0;4.998905;108.7015;159.3792;1.427832;104.3098;-0.0003202378
../2018-1-21/IMG/robocam_2018_01_21_18_31_20_294.jpg;0;1;0;5.010981;108.628;159.6718;1.469778;104.2739;-0.00146788
../2018-1-21/IMG/robocam_2018_01_21_18_31_20_361.jpg;0;1;0;5.006488;108.5548;159.9646;1.518841;104.2501;-0.001909575
../2018-1-21/IMG/robocam_2018_01_21_18_31_20_428.jpg;0;1;0;5.028827;108.4582;160.3519;1.416443;104.2129;-0.001336831
../2018-1-21/IMG/robocam_2018_01_21_18_31_20_495.jpg;0;1;0;5.013642;108.3858;160.6432;1.375326;104.1777;-0.001357344
../2018-1-21/IMG/robocam_2018_01_21_18_31_20_561.jpg;0;1;0;5.017404;108.3135;160.9348;1.353059;104.141;-0.001224199
../2018-1-21/IMG/robocam_2018_01_21_18_31_20_627.jpg;0;1;0;4.994984;108.2171;161.3242;1.35511;104.0947;-0.001413951
../2018-1-21/IMG/robocam_2018_01_21_18_31_20_694.jpg;0;1;0;5.008779;108.1449;161.6165;1.373198;104.0592;-0.001285619
../2018-1-21/IMG/robocam_2018_01_21_18_31_20_761.jpg;0;1;0;4.998933;108.0727;161.9096;1.411397;104.0397;-0.001915035
../2018-1-21/IMG/robocam_2018_01_21_18_31_20_827.jpg;0;1;0;5.011071;107.9771;162.2994;1.454352;103.9644;-0.001451095
../2018-1-21/IMG/robocam_2018_01_21_18_31_20_894.jpg;0;1;0;5.015844;107.9054;162.5927;1.504548;103.9388;-0.001828546
../2018-1-21/IMG/robocam_2018_01_21_18_31_20_961.jpg;0;1;0;5.023494;107.8342;162.8849;1.505604;103.8195;0.001208093
../2018-1-21/IMG/robocam_2018_01_21_18_31_21_028.jpg;0;1;0;4.993304;107.7399;163.2748;1.499143;103.6197;-0.002471413
../2018-1-21/IMG/robocam_2018_01_21_18_31_21_095.jpg;0;1;0;5.007734;107.6698;163.5674;1.507192;103.5534;-0.0009774819
../2018-1-21/IMG/robocam_2018_01_21_18_31_21_161.jpg;0;1;0;4.980324;107.6004;163.8593;1.474155;103.4897;-0.00103936
../2018-1-21/IMG/robocam_2018_01_21_18_31_21_227.jpg;0;1;0;5.009053;107.5084;164.2492;1.440682;103.4255;-0.001121453
../2018-1-21/IMG/robocam_2018_01_21_18_31_21_294.jpg;0;1;0;5.020877;107.4397;164.5421;1.43484;103.3743;-0.001330423
../2018-1-21/IMG/robocam_2018_01_21_18_31_21_361.jpg;0;1;0;5.009088;107.3712;164.8353;1.44524;103.343;-0.001622125
../2018-1-21/IMG/robocam_2018_01_21_18_31_21_428.jpg;0;1;0;5.020128;107.2801;165.2268;1.477582;103.3151;-0.002344028
../2018-1-21/IMG/robocam_2018_01_21_18_31_21_494.jpg;0;1;0;4.985821;107.2122;165.5198;1.498832;103.2256;-0.001728269
../2018-1-21/IMG/robocam_2018_01_21_18_31_21_561.jpg;0;0.8000141;0;5.011393;107.1447;165.8126;1.480485;103.1907;-0.004215967
../2018-1-21/IMG/robocam_2018_01_21_18_31_21_628.jpg;0;0.6000429;0;4.978839;107.0555;166.2003;1.334845;103.1487;-0.001342683
../2018-1-21/IMG/robocam_2018_01_21_18_31_21_694.jpg;0;0.3998471;0;5.004501;106.9889;166.491;1.215187;103.1144;-0.001071807
../2018-1-21/IMG/robocam_2018_01_21_18_31_21_761.jpg;0;0;0.09970808;4.983629;106.9227;166.7802;1.05214;103.0831;-0.0008046705
../2018-1-21/IMG/robocam_2018_01_21_18_31_21_828.jpg;0;0;0.2987101;4.946605;106.8362;167.1587;0.6808218;103.0477;0.0009015685
../2018-1-21/IMG/robocam_2018_01_21_18_31_21_895.jpg;0;0;0.5002019;4.869593;106.7731;167.4336;0.2262518;103.0367;0.02443123
../2018-1-21/IMG/robocam_2018_01_21_18_31_21_961.jpg;0;0;0.6996689;4.71047;106.7129;167.6989;359.6266;103.0105;0.007913985
../2018-1-21/IMG/robocam_2018_01_21_18_31_22_028.jpg;0;0;0.8992109;4.545413;106.6362;168.0342;358.6362;102.9767;-0.004779191
../2018-1-21/IMG/robocam_2018_01_21_18_31_22_094.jpg;0;0;1;4.385144;106.5808;168.2765;357.9485;102.9539;359.9868
../2018-1-21/IMG/robocam_2018_01_21_18_31_22_160.jpg;0;0;1;4.223359;106.5258;168.5138;357.3886;102.9728;0.0230704
../2018-1-21/IMG/robocam_2018_01_21_18_31_22_228.jpg;0;0;1;4.095059;106.4547;168.8263;357.0841;102.9724;1.923481E-06
../2018-1-21/IMG/robocam_2018_01_21_18_31_22_294.jpg;0;0;1;3.959956;106.4022;169.0565;357.1219;102.953;359.9806
../2018-1-21/IMG/robocam_2018_01_21_18_31_22_361.jpg;0;0;1;3.809728;106.3503;169.2825;357.3416;102.9271;359.9792
../2018-1-21/IMG/robocam_2018_01_21_18_31_22_428.jpg;0;0;1;3.678527;106.2828;169.5777;357.9343;102.9968;-0.002188977
../2018-1-21/IMG/robocam_2018_01_21_18_31_22_494.jpg;0;0;1;3.554965;106.2339;169.7951;358.6199;102.876;359.9201
../2018-1-21/IMG/robocam_2018_01_21_18_31_22_560.jpg;0;0;1;3.334032;106.1863;169.9994;359.1805;102.8344;359.97
../2018-1-21/IMG/robocam_2018_01_21_18_31_22_628.jpg;0;0;1;3.046166;106.1333;170.231;359.0478;102.8535;0.03514904
../2018-1-21/IMG/robocam_2018_01_21_18_31_22_694.jpg;0;0;1;2.7909;106.1002;170.3812;358.516;102.8582;-0.002442785
../2018-1-21/IMG/robocam_2018_01_21_18_31_22_761.jpg;0;0;1;2.567728;106.0677;170.5233;358.0341;102.8588;-0.002761542
../2018-1-21/IMG/robocam_2018_01_21_18_31_22_828.jpg;0;0;1;2.447656;106.0255;170.7073;357.7045;102.9005;0.01555765
../2018-1-21/IMG/robocam_2018_01_21_18_31_22_894.jpg;0;0;1;2.326775;105.9953;170.8416;357.72;102.9196;-0.003332221
../2018-1-21/IMG/robocam_2018_01_21_18_31_22_961.jpg;0;0;1;2.171235;105.9654;170.9722;357.936;102.9374;0.007939655
../2018-1-21/IMG/robocam_2018_01_21_18_31_23_028.jpg;0;0;1;2.052321;105.9271;171.1415;358.5756;102.9464;359.9902
../2018-1-21/IMG/robocam_2018_01_21_18_31_23_094.jpg;0;0;1;1.935516;105.9009;171.256;358.9887;102.9583;-0.0008684765
../2018-1-21/IMG/robocam_2018_01_21_18_31_23_161.jpg;0;0;1;1.56048;105.8806;171.345;358.8539;102.9561;-0.00278027
../2018-1-21/IMG/robocam_2018_01_21_18_31_23_227.jpg;0;0;1;1.33103;105.859;171.4404;358.3804;102.9525;359.9933
../2018-1-21/IMG/robocam_2018_01_21_18_31_23_294.jpg;0;0;1;1.232624;105.8438;171.5069;358.2114;102.9655;7.973328E-05
../2018-1-21/IMG/robocam_2018_01_21_18_31_23_360.jpg;0;0;1;1.076622;105.8295;171.5701;358.269;102.9694;359.9938
../2018-1-21/IMG/robocam_2018_01_21_18_31_23_428.jpg;0;0;1;0.9479095;105.8117;171.6492;358.6427;102.9856;359.9936
../2018-1-21/IMG/robocam_2018_01_21_18_31_23_494.jpg;0;0;1;0.8448482;105.8008;171.6972;358.8889;102.9528;0.003518596
../2018-1-21/IMG/robocam_2018_01_21_18_31_23_561.jpg;0;0;1;0.4610712;105.7961;171.7193;358.6158;102.9454;-0.003173856
../2018-1-21/IMG/robocam_2018_01_21_18_31_23_627.jpg;0;0;1;0.2998173;105.7934;171.732;358.2204;102.951;359.9924
../2018-1-21/IMG/robocam_2018_01_21_18_31_23_694.jpg;0;0;1;0.08452435;105.7933;171.7321;358.0262;102.954;0.01078147
../2018-1-21/IMG/robocam_2018_01_21_18_31_23_761.jpg;0;0;1;-0.02742638;105.7933;171.7323;358.136;102.9573;0.002924762
../2018-1-21/IMG/robocam_2018_01_21_18_31_23_828.jpg;0;0;1;-0.1061941;105.7932;171.7323;358.6907;102.9657;0.008169305
../2018-1-21/IMG/robocam_2018_01_21_18_31_23_894.jpg;0;0;1;-0.1672902;105.7933;171.7321;359.2504;102.9649;0.001113883
../2018-1-21/IMG/robocam_2018_01_21_18_31_23_961.jpg;0;0;1;-0.1585828;105.7933;171.7319;359.7824;102.9649;-0.005051446
../2018-1-21/IMG/robocam_2018_01_21_18_31_24_027.jpg;0;0;1;-0.1480363;105.7934;171.7317;0.4370438;102.9649;359.9878
../2018-1-21/IMG/robocam_2018_01_21_18_31_24_094.jpg;0;0;1;-0.1354698;105.7934;171.7316;0.8550123;102.9704;0.004362288
../2018-1-21/IMG/robocam_2018_01_21_18_31_24_160.jpg;0;0;1;-0.09967135;105.7934;171.7314;1.188521;102.9695;0.01027899
../2018-1-21/IMG/robocam_2018_01_21_18_31_24_227.jpg;0;0;0;-0.05485862;105.7934;171.7313;1.357083;102.9675;0.004161432
../2018-1-21/IMG/robocam_2018_01_21_18_31_24_294.jpg;0;0;0;0.0183773;105.7934;171.7313;1.235802;102.9681;0.001606549
../2018-1-21/IMG/robocam_2018_01_21_18_31_24_360.jpg;0;0;0;0.04861297;105.7938;171.7314;1.052409;102.9679;0.002568331
../2018-1-21/IMG/robocam_2018_01_21_18_31_24_427.jpg;0;0;0;0.05478;105.7939;171.7315;0.8052949;102.9677;0.01837651
../2018-1-21/IMG/robocam_2018_01_21_18_31_24_495.jpg;0;0;0;0.05585739;105.7939;171.7316;0.6169848;102.9676;0.02961711
../2018-1-21/IMG/robocam_2018_01_21_18_31_24_561.jpg;0;0;0;0.05541824;105.7939;171.7317;0.4304835;102.9677;0.03925284
../2018-1-21/IMG/robocam_2018_01_21_18_31_24_627.jpg;0;0;0;0.05386371;105.7939;171.7317;0.1906178;102.9678;0.04952201
../2018-1-21/IMG/robocam_2018_01_21_18_31_24_694.jpg;0;0;0;0.05138654;105.7939;171.7318;0.02125764;102.9679;0.0552806
../2018-1-21/IMG/robocam_2018_01_21_18_31_24_760.jpg;0;0;0;0.04684906;105.7939;171.7318;359.8638;102.9681;0.05940586
../2018-1-21/IMG/robocam_2018_01_21_18_31_24_827.jpg;0;0;0;0.04267728;105.7939;171.7319;359.6761;102.9683;0.06247247
../2018-1-21/IMG/robocam_2018_01_21_18_31_24_894.jpg;0;0;0;0.03798642;105.7938;171.732;359.5542;102.9685;0.06318831
../2018-1-21/IMG/robocam_2018_01_21_18_31_24_960.jpg;0;0;0;0.0311478;105.7938;171.732;359.4524;102.9689;0.0593851
../2018-1-21/IMG/robocam_2018_01_21_18_31_25_027.jpg;0;0;0;0.02296524;105.7938;171.7321;359.3556;102.9691;0.04073054
../2018-1-21/IMG/robocam_2018_01_21_18_31_25_094.jpg;0;0;0;0.01721802;105.7938;171.7321;359.3079;102.969;0.02217081
../2018-1-21/IMG/robocam_2018_01_21_18_31_25_160.jpg;0;0;0;0.01046902;105.7938;171.7321;359.2794;102.9689;0.002114031
../2018-1-21/IMG/robocam_2018_01_21_18_31_25_227.jpg;0;0;0;0;105.7938;171.7321;359.2709;102.9684;359.9811
../2018-1-21/IMG/robocam_2018_01_21_18_31_25_294.jpg;0;0;0;0;105.7938;171.7321;359.2841;102.9682;359.9703
../2018-1-21/IMG/robocam_2018_01_21_18_31_25_360.jpg;0;0;0;0;105.7938;171.7321;359.3113;102.9682;359.9624
../2018-1-21/IMG/robocam_2018_01_21_18_31_25_427.jpg;0;0;0;-0.01162534;105.7938;171.7321;359.3649;102.9682;359.9542
../2018-1-21/IMG/robocam_2018_01_21_18_31_25_494.jpg;0;0;0;-0.01442836;105.7938;171.7321;359.416;102.9682;359.9497
../2018-1-21/IMG/robocam_2018_01_21_18_31_25_560.jpg;0;0;0;-0.01746373;105.7938;171.732;359.4745;102.9682;359.9466
../2018-1-21/IMG/robocam_2018_01_21_18_31_25_627.jpg;0;0;0;-0.01918147;105.7938;171.732;359.5613;102.9682;359.9447
../2018-1-21/IMG/robocam_2018_01_21_18_31_25_694.jpg;0;0;0;-0.02041512;105.7938;171.732;359.6309;102.9682;359.9447
../2018-1-21/IMG/robocam_2018_01_21_18_31_25_760.jpg;0;0;0;-0.02132321;105.7938;171.7319;359.7025;102.9682;359.9458
../2018-1-21/IMG/robocam_2018_01_21_18_31_25_827.jpg;0;0;0;-0.02147773;105.7938;171.7319;359.7986;102.9683;359.9489
